source,target,weight,s_country,t_prov,s_date,t_date
EPI_ISL_16378855,EPI_ISL_16641921,0,Singapore,Beijing,2022-12-23,2022-10-23
EPI_ISL_16413619,EPI_ISL_16641942,0,South Korea,Beijing,2022-12-19,2022-10-25
EPI_ISL_16521456,EPI_ISL_16923041,0,Japan,Tianjin,2022-12-29,2022-11-05
EPI_ISL_16294686,EPI_ISL_16642191,1,Singapore,Beijing,2022-12-21,2022-11-11
EPI_ISL_16340453,EPI_ISL_16698222,3,South Korea,Chongqing,2022-12-20,2022-11-13
EPI_ISL_16378855,EPI_ISL_16604374,3,Singapore,Shandong,2022-12-23,2022-11-17
EPI_ISL_16428145,EPI_ISL_16264219,0,Japan,Guangdong,2022-12-30,2022-11-17
EPI_ISL_16734456,EPI_ISL_17487834,0,USA,Hubei,2022-12-16,2022-11-18
EPI_ISL_16636832,EPI_ISL_16616812,0,USA,Hubei,2022-12-15,2022-11-18
EPI_ISL_16355504,EPI_ISL_16616807,1,Italy,Hubei,2022-12-29,2022-11-18
EPI_ISL_16406300,EPI_ISL_16698243,0,United Kingdom,Chongqing,2022-12-26,2022-11-19
EPI_ISL_16294686,EPI_ISL_16642411,0,Singapore,Beijing,2022-12-21,2022-11-22
EPI_ISL_16580305,EPI_ISL_17487066,0,South Africa,Hubei,2023-01-06,2022-11-27
EPI_ISL_17345001,EPI_ISL_16598662,0,Germany,Jilin,2022-12-19,2022-11-28
EPI_ISL_16580305,EPI_ISL_17088860,0,South Africa,Guangxi,2023-01-06,2022-11-28
EPI_ISL_16415421,EPI_ISL_18070573,0,USA,Shandong,2022-12-15,2022-11-28
EPI_ISL_16522231,EPI_ISL_17088854,1,Japan,Guangxi,2023-01-05,2022-11-28
EPI_ISL_16693116,EPI_ISL_18070577,0,Japan,Shandong,2022-12-23,2022-11-28
EPI_ISL_17581698,EPI_ISL_17088703,0,Hong Kong,Guangxi,2022-12-18,2022-11-30
EPI_ISL_16523697,EPI_ISL_16617195,0,Australia,Hubei,2022-12-27,2022-11-30
EPI_ISL_16568810,EPI_ISL_16604344,1,South Korea,Shandong,2023-01-06,2022-12-01
EPI_ISL_16355485,EPI_ISL_16599075,0,Italy,Anhui,2022-12-29,2022-12-01
EPI_ISL_16342183,EPI_ISL_16599077,1,Australia,Anhui,2022-12-19,2022-12-01
EPI_ISL_16568780,EPI_ISL_16350950,0,South Korea,Beijing,2023-01-05,2022-12-01
EPI_ISL_16693116,EPI_ISL_17489534,0,Japan,Fujian,2022-12-23,2022-12-01
EPI_ISL_16377971,EPI_ISL_16641629,1,Austria,Yunnan,2022-12-28,2022-12-01
EPI_ISL_17162795,EPI_ISL_16641630,0,Myanmar,Yunnan,2023-01-23,2022-12-01
EPI_ISL_16522238,EPI_ISL_16350956,0,Japan,Beijing,2023-01-05,2022-12-01
EPI_ISL_16697367,EPI_ISL_16711963,2,Japan,Guangdong,2022-12-26,2022-12-01
EPI_ISL_16735328,EPI_ISL_16283973,0,Japan,Fujian,2023-01-18,2022-12-01
EPI_ISL_16580305,EPI_ISL_16599059,1,South Africa,Anhui,2023-01-06,2022-12-01
EPI_ISL_16259494,EPI_ISL_17492930,3,Singapore,Sichuan,2022-12-16,2022-12-01
EPI_ISL_16494665,EPI_ISL_16634402,0,Japan,Shanghai,2023-01-03,2022-12-01
EPI_ISL_16508434,EPI_ISL_16634409,2,France,Shanghai,2022-12-19,2022-12-01
EPI_ISL_17825680,EPI_ISL_16634411,1,Australia,Shanghai,2022-12-30,2022-12-01
EPI_ISL_16506511,EPI_ISL_16634422,0,South Korea,Shanghai,2023-01-04,2022-12-01
EPI_ISL_16342183,EPI_ISL_16634421,0,Australia,Shanghai,2022-12-19,2022-12-01
EPI_ISL_16580305,EPI_ISL_16634420,2,South Africa,Shanghai,2023-01-06,2022-12-01
EPI_ISL_16952946,EPI_ISL_16634415,0,New Zealand,Shanghai,2022-12-23,2022-12-01
EPI_ISL_16181562,EPI_ISL_16634433,0,Singapore,Shanghai,2022-12-12,2022-12-01
EPI_ISL_16637194,EPI_ISL_16711940,0,Japan,Guangdong,2023-01-10,2022-12-01
EPI_ISL_16576343,EPI_ISL_16634438,0,France,Shanghai,2022-12-30,2022-12-01
EPI_ISL_16508434,EPI_ISL_16634471,2,France,Shanghai,2022-12-19,2022-12-01
EPI_ISL_16580305,EPI_ISL_16634467,0,South Africa,Shanghai,2023-01-06,2022-12-01
EPI_ISL_16342183,EPI_ISL_16617313,1,Australia,Hubei,2022-12-19,2022-12-02
EPI_ISL_16506658,EPI_ISL_16709480,0,South Korea,Shaanxi,2022-12-23,2022-12-02
EPI_ISL_16342183,EPI_ISL_17487205,1,Australia,Hubei,2022-12-19,2022-12-02
EPI_ISL_16508434,EPI_ISL_16634595,1,France,Shanghai,2022-12-19,2022-12-02
EPI_ISL_16693116,EPI_ISL_16634594,0,Japan,Shanghai,2022-12-23,2022-12-02
EPI_ISL_16342183,EPI_ISL_16634550,0,Australia,Shanghai,2022-12-19,2022-12-02
EPI_ISL_16428145,EPI_ISL_16712231,0,Japan,Guangdong,2022-12-30,2022-12-02
EPI_ISL_16674634,EPI_ISL_17088768,0,Japan,Guangxi,2023-01-15,2022-12-02
EPI_ISL_16259489,EPI_ISL_16327441,1,Singapore,Shanghai,2022-12-17,2022-12-02
EPI_ISL_16588898,EPI_ISL_16609784,0,Japan,Anhui,2022-12-16,2022-12-02
EPI_ISL_16735328,EPI_ISL_16634637,1,Japan,Shanghai,2023-01-18,2022-12-03
EPI_ISL_16718507,EPI_ISL_16711943,0,Japan,Guangdong,2022-12-29,2022-12-04
EPI_ISL_16514258,EPI_ISL_16712006,1,South Korea,Guangdong,2022-12-30,2022-12-04
EPI_ISL_16415421,EPI_ISL_16327447,1,USA,Shanghai,2022-12-15,2022-12-04
EPI_ISL_16506511,EPI_ISL_17489523,1,South Korea,Fujian,2023-01-04,2022-12-04
EPI_ISL_16294667,EPI_ISL_16712020,1,Singapore,Guangdong,2022-12-19,2022-12-04
EPI_ISL_16506511,EPI_ISL_16604348,1,South Korea,Shandong,2023-01-04,2022-12-04
EPI_ISL_16413610,EPI_ISL_16614071,1,South Korea,Jilin,2022-12-19,2022-12-04
EPI_ISL_16506436,EPI_ISL_16614078,1,South Korea,Jilin,2022-12-27,2022-12-04
EPI_ISL_16953635,EPI_ISL_17489511,1,New Zealand,Fujian,2023-01-03,2022-12-05
EPI_ISL_16294667,EPI_ISL_16711849,1,Singapore,Guangdong,2022-12-19,2022-12-05
EPI_ISL_16506511,EPI_ISL_16636011,0,South Korea,Xinjiang,2023-01-04,2022-12-05
EPI_ISL_16406300,EPI_ISL_16635427,0,United Kingdom,Zhejiang,2022-12-26,2022-12-05
EPI_ISL_16891951,EPI_ISL_16635435,1,Canada,Zhejiang,2022-12-25,2022-12-05
EPI_ISL_16902514,EPI_ISL_16711959,1,Hong Kong,Guangdong,2023-02-01,2022-12-06
EPI_ISL_16734456,EPI_ISL_16617289,1,USA,Hubei,2022-12-16,2022-12-06
EPI_ISL_17833654,EPI_ISL_16712032,1,USA,Guangdong,2022-12-20,2022-12-06
EPI_ISL_16691930,EPI_ISL_16711918,1,Japan,Guangdong,2022-12-28,2022-12-07
EPI_ISL_16576912,EPI_ISL_16712014,1,Japan,Guangdong,2023-01-06,2022-12-07
EPI_ISL_16428143,EPI_ISL_16712047,1,Japan,Guangdong,2022-12-30,2022-12-09
EPI_ISL_16294667,EPI_ISL_16712172,1,Singapore,Guangdong,2022-12-19,2022-12-09
EPI_ISL_17581055,EPI_ISL_16712089,3,Hong Kong,Guangdong,2022-12-24,2022-12-09
EPI_ISL_16948171,EPI_ISL_16711902,0,Japan,Guangdong,2023-01-21,2022-12-09
EPI_ISL_16494630,EPI_ISL_17489651,0,Japan,Fujian,2023-01-02,2022-12-10
EPI_ISL_16584722,EPI_ISL_16635346,0,Australia,Zhejiang,2023-01-04,2022-12-10
EPI_ISL_16374746,EPI_ISL_16635158,1,Japan,Liaoning,2022-12-19,2022-12-11
EPI_ISL_16514101,EPI_ISL_16634338,0,South Korea,Shanghai,2022-12-22,2022-12-11
EPI_ISL_16514026,EPI_ISL_17243387,0,South Korea,Anhui,2022-12-25,2022-12-11
EPI_ISL_16693116,EPI_ISL_16761882,3,Japan,Anhui,2022-12-23,2022-12-11
EPI_ISL_16568839,EPI_ISL_16711712,2,South Korea,Guangdong,2023-01-07,2022-12-12
EPI_ISL_16417437,EPI_ISL_17487291,1,USA,Hubei,2022-12-19,2022-12-12
EPI_ISL_16506667,EPI_ISL_17487292,0,South Korea,Hubei,2022-12-23,2022-12-12
EPI_ISL_16721359,EPI_ISL_16634345,0,Japan,Shanghai,2022-12-24,2022-12-12
EPI_ISL_16508434,EPI_ISL_16634346,1,France,Shanghai,2022-12-19,2022-12-12
EPI_ISL_16259494,EPI_ISL_17493159,1,Singapore,Sichuan,2022-12-16,2022-12-13
EPI_ISL_16584842,EPI_ISL_16604409,0,Australia,Shandong,2023-01-11,2022-12-13
EPI_ISL_16521456,EPI_ISL_17487272,4,Japan,Hubei,2022-12-29,2022-12-13
EPI_ISL_16259494,EPI_ISL_16436274,1,Singapore,Sichuan,2022-12-16,2022-12-13
EPI_ISL_16259494,EPI_ISL_16436276,2,Singapore,Sichuan,2022-12-16,2022-12-13
EPI_ISL_16259494,EPI_ISL_16436277,1,Singapore,Sichuan,2022-12-16,2022-12-13
EPI_ISL_16413604,EPI_ISL_16713332,0,South Korea,Jilin,2022-12-18,2022-12-13
EPI_ISL_16580305,EPI_ISL_16713331,1,South Africa,Jilin,2023-01-06,2022-12-13
EPI_ISL_16733104,EPI_ISL_17088748,0,USA,Guangxi,2022-12-20,2022-12-14
EPI_ISL_16580305,EPI_ISL_16635482,0,South Africa,Zhejiang,2023-01-06,2022-12-14
EPI_ISL_16294667,EPI_ISL_16711990,1,Singapore,Guangdong,2022-12-19,2022-12-14
EPI_ISL_16514019,EPI_ISL_16597028,1,South Korea,Jiangxi,2022-12-26,2022-12-15
EPI_ISL_16294667,EPI_ISL_16711968,1,Singapore,Guangdong,2022-12-19,2022-12-15
EPI_ISL_16259469,EPI_ISL_16634790,0,Singapore,Shanghai,2022-12-16,2022-12-16
EPI_ISL_16494670,EPI_ISL_16634786,0,Japan,Shanghai,2023-01-03,2022-12-16
EPI_ISL_16506436,EPI_ISL_16604938,0,South Korea,Hainan,2022-12-27,2022-12-16
EPI_ISL_16413617,EPI_ISL_16713334,0,South Korea,Jilin,2022-12-19,2022-12-16
EPI_ISL_16506493,EPI_ISL_16719818,0,South Korea,Hainan,2022-12-29,2022-12-16
EPI_ISL_16355504,EPI_ISL_16719821,0,Italy,Hainan,2022-12-29,2022-12-16
EPI_ISL_16259489,EPI_ISL_16617211,2,Singapore,Hubei,2022-12-17,2022-12-16
EPI_ISL_16294670,EPI_ISL_16617225,1,Singapore,Hubei,2022-12-19,2022-12-16
EPI_ISL_16294667,EPI_ISL_16711955,2,Singapore,Guangdong,2022-12-19,2022-12-17
EPI_ISL_16506426,EPI_ISL_16306918,2,South Korea,Sichuan,2022-12-27,2022-12-17
EPI_ISL_16588898,EPI_ISL_16283958,2,Japan,Fujian,2022-12-16,2022-12-17
EPI_ISL_16580305,EPI_ISL_16334607,0,South Africa,Fujian,2023-01-06,2022-12-17
EPI_ISL_16486744,EPI_ISL_17088698,1,Thailand,Guangxi,2022-12-20,2022-12-17
EPI_ISL_16568683,EPI_ISL_16635490,0,South Korea,Zhejiang,2023-01-01,2022-12-17
EPI_ISL_16568780,EPI_ISL_16468089,2,South Korea,Beijing,2023-01-05,2022-12-18
EPI_ISL_16294667,EPI_ISL_16712002,2,Singapore,Guangdong,2022-12-19,2022-12-18
EPI_ISL_16568780,EPI_ISL_16468034,3,South Korea,Beijing,2023-01-05,2022-12-19
EPI_ISL_16733104,EPI_ISL_16598680,2,USA,Hunan,2022-12-20,2022-12-19
EPI_ISL_17581055,EPI_ISL_16711731,1,Hong Kong,Guangdong,2022-12-24,2022-12-19
EPI_ISL_16506667,EPI_ISL_16711701,1,South Korea,Guangdong,2022-12-23,2022-12-19
EPI_ISL_16294667,EPI_ISL_16711665,3,Singapore,Guangdong,2022-12-19,2022-12-19
EPI_ISL_16597597,EPI_ISL_16617239,0,Germany,Hubei,2023-01-02,2022-12-19
EPI_ISL_16699813,EPI_ISL_16635533,0,Germany,Zhejiang,2023-01-03,2022-12-19
EPI_ISL_16568780,EPI_ISL_16520392,1,South Korea,Beijing,2023-01-05,2022-12-19
EPI_ISL_16355485,EPI_ISL_16634769,0,Italy,Shanghai,2022-12-29,2022-12-19
EPI_ISL_16294667,EPI_ISL_16712077,3,Singapore,Guangdong,2022-12-19,2022-12-19
EPI_ISL_16259489,EPI_ISL_16750701,2,Singapore,Yunnan,2022-12-17,2022-12-19
EPI_ISL_16508434,EPI_ISL_16634854,1,France,Shanghai,2022-12-19,2022-12-19
EPI_ISL_16584571,EPI_ISL_17487538,1,Australia,Hubei,2023-01-04,2022-12-19
EPI_ISL_16294667,EPI_ISL_16712217,1,Singapore,Guangdong,2022-12-19,2022-12-19
EPI_ISL_16294667,EPI_ISL_16712227,1,Singapore,Guangdong,2022-12-19,2022-12-19
EPI_ISL_16580305,EPI_ISL_16712100,1,South Africa,Guangdong,2023-01-06,2022-12-20
EPI_ISL_16506511,EPI_ISL_16634853,5,South Korea,Shanghai,2023-01-04,2022-12-20
EPI_ISL_16902514,EPI_ISL_17170715,2,Hong Kong,Guangdong,2023-02-01,2022-12-20
EPI_ISL_16693116,EPI_ISL_16283962,0,Japan,Fujian,2022-12-23,2022-12-20
EPI_ISL_16294667,EPI_ISL_17088715,1,Singapore,Guangxi,2022-12-19,2022-12-20
EPI_ISL_16514258,EPI_ISL_16711995,1,South Korea,Guangdong,2022-12-30,2022-12-20
EPI_ISL_16294667,EPI_ISL_16711886,1,Singapore,Guangdong,2022-12-19,2022-12-20
EPI_ISL_16355504,EPI_ISL_17487348,0,Italy,Hubei,2022-12-29,2022-12-20
EPI_ISL_16259494,EPI_ISL_16436281,1,Singapore,Sichuan,2022-12-16,2022-12-20
EPI_ISL_16355504,EPI_ISL_16617298,2,Italy,Hubei,2022-12-29,2022-12-20
EPI_ISL_16259489,EPI_ISL_16617296,2,Singapore,Hubei,2022-12-17,2022-12-20
EPI_ISL_16506426,EPI_ISL_16711928,1,South Korea,Guangdong,2022-12-27,2022-12-20
EPI_ISL_16259489,EPI_ISL_16617106,1,Singapore,Hubei,2022-12-17,2022-12-20
EPI_ISL_16484899,EPI_ISL_16617104,0,United Kingdom,Hubei,2022-12-29,2022-12-20
EPI_ISL_16428144,EPI_ISL_16616956,1,Japan,Hubei,2022-12-30,2022-12-20
EPI_ISL_16259489,EPI_ISL_16617072,3,Singapore,Hubei,2022-12-17,2022-12-20
EPI_ISL_16588898,EPI_ISL_16481837,1,Japan,Tianjin,2022-12-16,2022-12-21
EPI_ISL_16707615,EPI_ISL_16608444,1,Canada,Henan,2022-12-28,2022-12-21
EPI_ISL_16584571,EPI_ISL_17487532,1,Australia,Hubei,2023-01-04,2022-12-21
EPI_ISL_16521456,EPI_ISL_16636026,3,Japan,Xinjiang,2022-12-29,2022-12-21
EPI_ISL_16294667,EPI_ISL_16711866,2,Singapore,Guangdong,2022-12-19,2022-12-21
EPI_ISL_16693116,EPI_ISL_16604817,1,Japan,Shandong,2022-12-23,2022-12-21
EPI_ISL_16377971,EPI_ISL_16641640,2,Austria,Yunnan,2022-12-28,2022-12-21
EPI_ISL_17162795,EPI_ISL_16641633,1,Myanmar,Yunnan,2023-01-23,2022-12-21
EPI_ISL_16413610,EPI_ISL_16713317,1,South Korea,Jilin,2022-12-19,2022-12-21
EPI_ISL_16735328,EPI_ISL_17488684,1,Japan,Fujian,2023-01-18,2022-12-21
EPI_ISL_16902514,EPI_ISL_16711952,1,Hong Kong,Guangdong,2023-02-01,2022-12-21
EPI_ISL_16693116,EPI_ISL_16636175,2,Japan,Guizhou,2022-12-23,2022-12-21
EPI_ISL_16294667,EPI_ISL_16712068,4,Singapore,Guangdong,2022-12-19,2022-12-21
EPI_ISL_16294667,EPI_ISL_16712060,1,Singapore,Guangdong,2022-12-19,2022-12-21
EPI_ISL_16294667,EPI_ISL_16711856,1,Singapore,Guangdong,2022-12-19,2022-12-21
EPI_ISL_16294667,EPI_ISL_16711843,1,Singapore,Guangdong,2022-12-19,2022-12-21
EPI_ISL_16294667,EPI_ISL_17088714,1,Singapore,Guangxi,2022-12-19,2022-12-21
EPI_ISL_16294667,EPI_ISL_16711745,1,Singapore,Guangdong,2022-12-19,2022-12-21
EPI_ISL_16181562,EPI_ISL_16711649,3,Singapore,Guangdong,2022-12-12,2022-12-21
EPI_ISL_16294667,EPI_ISL_16711646,1,Singapore,Guangdong,2022-12-19,2022-12-21
EPI_ISL_16294667,EPI_ISL_16711846,2,Singapore,Guangdong,2022-12-19,2022-12-21
EPI_ISL_16342183,EPI_ISL_17487194,1,Australia,Hubei,2022-12-19,2022-12-21
EPI_ISL_16342183,EPI_ISL_16635361,1,Australia,Zhejiang,2022-12-19,2022-12-21
EPI_ISL_16294667,EPI_ISL_16711830,4,Singapore,Guangdong,2022-12-19,2022-12-21
EPI_ISL_16415421,EPI_ISL_17490663,2,USA,Zhejiang,2022-12-15,2022-12-22
EPI_ISL_16514173,EPI_ISL_16598334,1,South Korea,Heilongjiang,2022-12-31,2022-12-22
EPI_ISL_16514173,EPI_ISL_16598333,2,South Korea,Heilongjiang,2022-12-31,2022-12-22
EPI_ISL_16580305,EPI_ISL_16853800,1,South Africa,Shanxi,2023-01-06,2022-12-22
EPI_ISL_16568841,EPI_ISL_17088845,1,South Korea,Guangxi,2023-01-07,2022-12-22
EPI_ISL_16413636,EPI_ISL_16709473,1,South Korea,Shaanxi,2022-12-21,2022-12-22
EPI_ISL_16406300,EPI_ISL_17487190,1,United Kingdom,Hubei,2022-12-26,2022-12-22
EPI_ISL_16494633,EPI_ISL_16604944,1,Japan,Hainan,2023-01-02,2022-12-22
EPI_ISL_16715992,EPI_ISL_16604513,0,South Korea,Shandong,2023-01-11,2022-12-22
EPI_ISL_16352296,EPI_ISL_16468076,1,Singapore,Beijing,2022-12-23,2022-12-23
EPI_ISL_16521456,EPI_ISL_16636060,0,Japan,Xinjiang,2022-12-29,2022-12-23
EPI_ISL_16568811,EPI_ISL_16598707,1,South Korea,Hunan,2023-01-06,2022-12-23
EPI_ISL_16294667,EPI_ISL_16711984,1,Singapore,Guangdong,2022-12-19,2022-12-23
EPI_ISL_16294667,EPI_ISL_16712065,1,Singapore,Guangdong,2022-12-19,2022-12-23
EPI_ISL_16294667,EPI_ISL_16712083,1,Singapore,Guangdong,2022-12-19,2022-12-23
EPI_ISL_16294667,EPI_ISL_16711956,1,Singapore,Guangdong,2022-12-19,2022-12-24
EPI_ISL_16355504,EPI_ISL_17487416,1,Italy,Hubei,2022-12-29,2022-12-24
EPI_ISL_16637179,EPI_ISL_17309132,0,Japan,Sichuan,2023-01-11,2022-12-24
EPI_ISL_16508434,EPI_ISL_16634879,1,France,Shanghai,2022-12-19,2022-12-24
EPI_ISL_16506426,EPI_ISL_17186569,1,South Korea,Sichuan,2022-12-27,2022-12-24
EPI_ISL_16693116,EPI_ISL_16634832,3,Japan,Shanghai,2022-12-23,2022-12-24
EPI_ISL_16294667,EPI_ISL_16711797,2,Singapore,Guangdong,2022-12-19,2022-12-25
EPI_ISL_17581715,EPI_ISL_16617256,1,Hong Kong,Hubei,2022-12-24,2022-12-25
EPI_ISL_16259489,EPI_ISL_16617267,1,Singapore,Hubei,2022-12-17,2022-12-25
EPI_ISL_16349753,EPI_ISL_17088739,2,Denmark,Guangxi,2022-12-20,2022-12-25
EPI_ISL_16506667,EPI_ISL_16617265,0,South Korea,Hubei,2022-12-23,2022-12-25
EPI_ISL_16506667,EPI_ISL_16617257,2,South Korea,Hubei,2022-12-23,2022-12-25
EPI_ISL_16568828,EPI_ISL_16635033,1,South Korea,Shanghai,2023-01-06,2022-12-25
EPI_ISL_16294667,EPI_ISL_16712053,2,Singapore,Guangdong,2022-12-19,2022-12-25
EPI_ISL_16568832,EPI_ISL_16758271,4,South Korea,Shandong,2023-01-07,2022-12-26
EPI_ISL_16506426,EPI_ISL_16634917,1,South Korea,Shanghai,2022-12-27,2022-12-26
EPI_ISL_16693116,EPI_ISL_16709240,1,Japan,Henan,2022-12-23,2022-12-26
EPI_ISL_16350552,EPI_ISL_16635713,0,USA,Zhejiang,2022-12-22,2022-12-26
EPI_ISL_16568780,EPI_ISL_16468065,1,South Korea,Beijing,2023-01-05,2022-12-26
EPI_ISL_16568780,EPI_ISL_16468075,2,South Korea,Beijing,2023-01-05,2022-12-26
EPI_ISL_16259489,EPI_ISL_16635677,2,Singapore,Zhejiang,2022-12-17,2022-12-26
EPI_ISL_16758909,EPI_ISL_16635673,1,South Korea,Zhejiang,2023-01-05,2022-12-26
EPI_ISL_17345001,EPI_ISL_16468070,2,Germany,Beijing,2022-12-19,2022-12-26
EPI_ISL_16294667,EPI_ISL_16711891,2,Singapore,Guangdong,2022-12-19,2022-12-26
EPI_ISL_16294667,EPI_ISL_16711682,2,Singapore,Guangdong,2022-12-19,2022-12-26
EPI_ISL_16508434,EPI_ISL_17371235,1,France,Shanghai,2022-12-19,2022-12-26
EPI_ISL_16294667,EPI_ISL_16711916,1,Singapore,Guangdong,2022-12-19,2022-12-26
EPI_ISL_16891951,EPI_ISL_16635699,0,Canada,Zhejiang,2022-12-25,2022-12-26
EPI_ISL_16568780,EPI_ISL_16468071,2,South Korea,Beijing,2023-01-05,2022-12-26
EPI_ISL_16259494,EPI_ISL_16636162,1,Singapore,Xinjiang,2022-12-16,2022-12-26
EPI_ISL_16374746,EPI_ISL_16635157,2,Japan,Liaoning,2022-12-19,2022-12-26
EPI_ISL_16891951,EPI_ISL_16635163,1,Canada,Liaoning,2022-12-25,2022-12-26
EPI_ISL_16588898,EPI_ISL_17088726,1,Japan,Guangxi,2022-12-16,2022-12-26
EPI_ISL_16413620,EPI_ISL_17088725,0,South Korea,Guangxi,2022-12-19,2022-12-26
EPI_ISL_16374746,EPI_ISL_16635144,3,Japan,Liaoning,2022-12-19,2022-12-26
EPI_ISL_16374746,EPI_ISL_16635149,1,Japan,Liaoning,2022-12-19,2022-12-26
EPI_ISL_16374746,EPI_ISL_16635153,1,Japan,Liaoning,2022-12-19,2022-12-26
EPI_ISL_16758914,EPI_ISL_16617112,1,South Korea,Hubei,2023-01-05,2022-12-26
EPI_ISL_16259494,EPI_ISL_16636120,1,Singapore,Xinjiang,2022-12-16,2022-12-26
EPI_ISL_16693116,EPI_ISL_16757967,3,Japan,Shandong,2022-12-23,2022-12-26
EPI_ISL_16259489,EPI_ISL_17487645,4,Singapore,Hubei,2022-12-17,2022-12-26
EPI_ISL_16508434,EPI_ISL_16635046,1,France,Shanghai,2022-12-19,2022-12-26
EPI_ISL_16506667,EPI_ISL_16711816,1,South Korea,Guangdong,2022-12-23,2022-12-27
EPI_ISL_16506667,EPI_ISL_16719098,0,South Korea,Anhui,2022-12-23,2022-12-27
EPI_ISL_16523697,EPI_ISL_16636123,3,Australia,Xinjiang,2022-12-27,2022-12-27
EPI_ISL_16294667,EPI_ISL_16711831,1,Singapore,Guangdong,2022-12-19,2022-12-27
EPI_ISL_16428144,EPI_ISL_16711828,0,Japan,Guangdong,2022-12-30,2022-12-27
EPI_ISL_16691930,EPI_ISL_16712106,1,Japan,Guangdong,2022-12-28,2022-12-27
EPI_ISL_16734456,EPI_ISL_16712105,1,USA,Guangdong,2022-12-16,2022-12-27
EPI_ISL_16506496,EPI_ISL_16636169,1,South Korea,Xinjiang,2022-12-29,2022-12-27
EPI_ISL_16294686,EPI_ISL_16604792,1,Singapore,Shandong,2022-12-21,2022-12-27
EPI_ISL_16294667,EPI_ISL_16711981,2,Singapore,Guangdong,2022-12-19,2022-12-27
EPI_ISL_16494598,EPI_ISL_16635039,2,Japan,Shanghai,2023-01-01,2022-12-27
EPI_ISL_17587692,EPI_ISL_16853802,0,USA,Shanxi,2022-12-25,2022-12-27
EPI_ISL_16506496,EPI_ISL_17088821,1,South Korea,Guangxi,2022-12-29,2022-12-27
EPI_ISL_16716040,EPI_ISL_16617077,2,South Korea,Hubei,2023-01-14,2022-12-27
EPI_ISL_16735328,EPI_ISL_17088856,1,Japan,Guangxi,2023-01-18,2022-12-27
EPI_ISL_16693116,EPI_ISL_16634977,2,Japan,Shanghai,2022-12-23,2022-12-27
EPI_ISL_16891951,EPI_ISL_16634986,1,Canada,Shanghai,2022-12-25,2022-12-27
EPI_ISL_16294686,EPI_ISL_16604473,2,Singapore,Shandong,2022-12-21,2022-12-27
EPI_ISL_17581715,EPI_ISL_17088801,1,Hong Kong,Guangxi,2022-12-24,2022-12-27
EPI_ISL_16506482,EPI_ISL_16617090,0,South Korea,Hubei,2022-12-28,2022-12-27
EPI_ISL_16952946,EPI_ISL_16616943,1,New Zealand,Hubei,2022-12-23,2022-12-27
EPI_ISL_16294667,EPI_ISL_16711689,1,Singapore,Guangdong,2022-12-19,2022-12-27
EPI_ISL_16568832,EPI_ISL_17371220,2,South Korea,Shanghai,2023-01-07,2022-12-27
EPI_ISL_16506373,EPI_ISL_16709080,0,South Korea,Henan,2022-12-25,2022-12-27
EPI_ISL_16374746,EPI_ISL_16635175,0,Japan,Liaoning,2022-12-19,2022-12-28
EPI_ISL_16374746,EPI_ISL_16635172,1,Japan,Liaoning,2022-12-19,2022-12-28
EPI_ISL_16355504,EPI_ISL_16712031,1,Italy,Guangdong,2022-12-29,2022-12-28
EPI_ISL_16734456,EPI_ISL_17489462,2,USA,Fujian,2022-12-16,2022-12-28
EPI_ISL_16506482,EPI_ISL_16758050,1,South Korea,Shandong,2022-12-28,2022-12-28
EPI_ISL_16523697,EPI_ISL_16597088,1,Australia,Jiangxi,2022-12-27,2022-12-28
EPI_ISL_16374746,EPI_ISL_16635179,2,Japan,Liaoning,2022-12-19,2022-12-28
EPI_ISL_16508434,EPI_ISL_16634991,1,France,Shanghai,2022-12-19,2022-12-28
EPI_ISL_16508434,EPI_ISL_16634994,1,France,Shanghai,2022-12-19,2022-12-28
EPI_ISL_16349753,EPI_ISL_16641663,3,Denmark,Yunnan,2022-12-20,2022-12-28
EPI_ISL_16378862,EPI_ISL_16634907,0,Singapore,Shanghai,2022-12-28,2022-12-28
EPI_ISL_16691930,EPI_ISL_16598616,1,Japan,Sichuan,2022-12-28,2022-12-28
EPI_ISL_16342183,EPI_ISL_16635006,1,Australia,Shanghai,2022-12-19,2022-12-28
EPI_ISL_16735328,EPI_ISL_16610708,1,Japan,Fujian,2023-01-18,2022-12-28
EPI_ISL_17014437,EPI_ISL_16635182,0,Japan,Liaoning,2023-01-30,2022-12-28
EPI_ISL_16506482,EPI_ISL_17490666,0,South Korea,Zhejiang,2022-12-28,2022-12-28
EPI_ISL_16428144,EPI_ISL_17487602,1,Japan,Hubei,2022-12-30,2022-12-28
EPI_ISL_16378855,EPI_ISL_16635707,2,Singapore,Zhejiang,2022-12-23,2022-12-28
EPI_ISL_16580305,EPI_ISL_16604534,1,South Africa,Shandong,2023-01-06,2022-12-28
EPI_ISL_16506482,EPI_ISL_16604531,2,South Korea,Shandong,2022-12-28,2022-12-28
EPI_ISL_16508434,EPI_ISL_17371233,1,France,Shanghai,2022-12-19,2022-12-28
EPI_ISL_16522191,EPI_ISL_16604734,1,Japan,Shandong,2023-01-04,2022-12-28
EPI_ISL_16294667,EPI_ISL_16711739,2,Singapore,Guangdong,2022-12-19,2022-12-28
EPI_ISL_16591600,EPI_ISL_16604668,1,Japan,Shandong,2022-12-20,2022-12-28
EPI_ISL_16406300,EPI_ISL_17088695,0,United Kingdom,Guangxi,2022-12-26,2022-12-28
EPI_ISL_16355504,EPI_ISL_17088741,1,Italy,Guangxi,2022-12-29,2022-12-28
EPI_ISL_16521456,EPI_ISL_16636107,6,Japan,Xinjiang,2022-12-29,2022-12-28
EPI_ISL_16568811,EPI_ISL_16711761,0,South Korea,Guangdong,2023-01-06,2022-12-28
EPI_ISL_16506426,EPI_ISL_16853816,2,South Korea,Shanxi,2022-12-27,2022-12-28
EPI_ISL_16693116,EPI_ISL_16853815,1,Japan,Shanxi,2022-12-23,2022-12-28
EPI_ISL_16259489,EPI_ISL_17487631,3,Singapore,Hubei,2022-12-17,2022-12-28
EPI_ISL_16342183,EPI_ISL_17487183,1,Australia,Hubei,2022-12-19,2022-12-28
EPI_ISL_16294667,EPI_ISL_16711733,2,Singapore,Guangdong,2022-12-19,2022-12-28
EPI_ISL_16674634,EPI_ISL_16711728,1,Japan,Guangdong,2023-01-15,2022-12-28
EPI_ISL_16600243,EPI_ISL_16853821,0,South Korea,Shanxi,2022-12-31,2022-12-28
EPI_ISL_16484899,EPI_ISL_17487116,3,United Kingdom,Hubei,2022-12-29,2022-12-28
EPI_ISL_16294667,EPI_ISL_16597091,1,Singapore,Jiangxi,2022-12-19,2022-12-29
EPI_ISL_16406300,EPI_ISL_17025979,3,United Kingdom,Anhui,2022-12-26,2022-12-29
EPI_ISL_16508434,EPI_ISL_16634931,1,France,Shanghai,2022-12-19,2022-12-29
EPI_ISL_16413629,EPI_ISL_16671015,1,South Korea,Jiangsu,2022-12-20,2022-12-29
EPI_ISL_16294667,EPI_ISL_16711834,1,Singapore,Guangdong,2022-12-19,2022-12-29
EPI_ISL_16842531,EPI_ISL_16635205,0,Japan,Liaoning,2023-01-13,2022-12-29
EPI_ISL_16534074,EPI_ISL_16635193,0,Singapore,Liaoning,2023-01-09,2022-12-29
EPI_ISL_16568780,EPI_ISL_16634942,1,South Korea,Shanghai,2023-01-05,2022-12-29
EPI_ISL_16506488,EPI_ISL_16635603,1,South Korea,Zhejiang,2022-12-29,2022-12-29
EPI_ISL_16508434,EPI_ISL_16635012,1,France,Shanghai,2022-12-19,2022-12-29
EPI_ISL_16580305,EPI_ISL_16635610,2,South Africa,Zhejiang,2023-01-06,2022-12-29
EPI_ISL_16638943,EPI_ISL_16598344,0,Thailand,Heilongjiang,2023-01-03,2022-12-30
EPI_ISL_16486744,EPI_ISL_17088850,2,Thailand,Guangxi,2022-12-20,2022-12-30
EPI_ISL_16508434,EPI_ISL_16634954,1,France,Shanghai,2022-12-19,2022-12-30
EPI_ISL_16580305,EPI_ISL_16390385,0,South Africa,Hunan,2023-01-06,2022-12-30
EPI_ISL_16294667,EPI_ISL_16712204,2,Singapore,Guangdong,2022-12-19,2022-12-30
EPI_ISL_16294667,EPI_ISL_16712202,1,Singapore,Guangdong,2022-12-19,2022-12-30
EPI_ISL_16506496,EPI_ISL_16702199,1,South Korea,Gansu,2022-12-29,2022-12-30
EPI_ISL_16406300,EPI_ISL_16702176,5,United Kingdom,Gansu,2022-12-26,2022-12-30
EPI_ISL_16494598,EPI_ISL_16604559,2,Japan,Shandong,2023-01-01,2022-12-30
EPI_ISL_16580305,EPI_ISL_16598363,0,South Africa,Heilongjiang,2023-01-06,2022-12-30
EPI_ISL_16568811,EPI_ISL_16390394,2,South Korea,Hunan,2023-01-06,2022-12-31
EPI_ISL_16506482,EPI_ISL_17805503,1,South Korea,Hainan,2022-12-28,2022-12-31
EPI_ISL_16693116,EPI_ISL_16634922,1,Japan,Shanghai,2022-12-23,2022-12-31
EPI_ISL_16406300,EPI_ISL_17488371,1,United Kingdom,Zhejiang,2022-12-26,2022-12-31
EPI_ISL_16406300,EPI_ISL_16650353,4,United Kingdom,Anhui,2022-12-26,2022-12-31
EPI_ISL_17581715,EPI_ISL_17805482,2,Hong Kong,Hainan,2022-12-24,2022-12-31
EPI_ISL_16413615,EPI_ISL_16750704,1,South Korea,Yunnan,2022-12-19,2022-12-31
EPI_ISL_16259494,EPI_ISL_16604644,3,Singapore,Shandong,2022-12-16,2022-12-31
EPI_ISL_16508434,EPI_ISL_16634968,1,France,Shanghai,2022-12-19,2022-12-31
EPI_ISL_16891951,EPI_ISL_16740772,4,Canada,Anhui,2022-12-25,2023-01-01
EPI_ISL_16584571,EPI_ISL_16712176,3,Australia,Guangdong,2023-01-04,2023-01-01
EPI_ISL_17385119,EPI_ISL_16758268,2,South Africa,Shandong,2023-02-07,2023-01-01
EPI_ISL_16900281,EPI_ISL_16758269,3,South Korea,Shandong,2023-01-12,2023-01-01
EPI_ISL_16691930,EPI_ISL_17805522,1,Japan,Hainan,2022-12-28,2023-01-01
EPI_ISL_16506924,EPI_ISL_16604645,0,South Korea,Shandong,2022-12-25,2023-01-01
EPI_ISL_16259489,EPI_ISL_16671023,2,Singapore,Jiangsu,2022-12-17,2023-01-01
EPI_ISL_16494598,EPI_ISL_16604883,2,Japan,Shandong,2023-01-01,2023-01-01
EPI_ISL_16591600,EPI_ISL_16713276,1,Japan,Jilin,2022-12-20,2023-01-01
EPI_ISL_16693116,EPI_ISL_17488215,2,Japan,Zhejiang,2022-12-23,2023-01-01
EPI_ISL_16693116,EPI_ISL_16709450,1,Japan,Shaanxi,2022-12-23,2023-01-02
EPI_ISL_16259489,EPI_ISL_17488355,2,Singapore,Zhejiang,2022-12-17,2023-01-02
EPI_ISL_16522231,EPI_ISL_16709452,0,Japan,Shaanxi,2023-01-05,2023-01-02
EPI_ISL_16693116,EPI_ISL_16635219,1,Japan,Liaoning,2022-12-23,2023-01-02
EPI_ISL_16506426,EPI_ISL_16635894,1,South Korea,Xinjiang,2022-12-27,2023-01-02
EPI_ISL_16413615,EPI_ISL_17488362,1,South Korea,Zhejiang,2022-12-19,2023-01-02
EPI_ISL_16415421,EPI_ISL_17488364,4,USA,Zhejiang,2022-12-15,2023-01-02
EPI_ISL_16415421,EPI_ISL_16709449,2,USA,Shaanxi,2022-12-15,2023-01-02
EPI_ISL_16259494,EPI_ISL_16635877,2,Singapore,Xinjiang,2022-12-16,2023-01-02
EPI_ISL_16568811,EPI_ISL_17088826,2,South Korea,Guangxi,2023-01-06,2023-01-02
EPI_ISL_16691930,EPI_ISL_17487304,1,Japan,Hubei,2022-12-28,2023-01-02
EPI_ISL_16506496,EPI_ISL_16596985,0,South Korea,Jiangxi,2022-12-29,2023-01-02
EPI_ISL_16506667,EPI_ISL_16616980,1,South Korea,Hubei,2022-12-23,2023-01-02
EPI_ISL_16735328,EPI_ISL_16713302,2,Japan,Jilin,2023-01-18,2023-01-02
EPI_ISL_16584571,EPI_ISL_17487496,1,Australia,Hubei,2023-01-04,2023-01-02
EPI_ISL_16374746,EPI_ISL_16635225,1,Japan,Liaoning,2022-12-19,2023-01-02
EPI_ISL_16374746,EPI_ISL_16635221,2,Japan,Liaoning,2022-12-19,2023-01-02
EPI_ISL_16412739,EPI_ISL_16573304,2,Malaysia,Guangdong,2022-12-23,2023-01-02
EPI_ISL_16693116,EPI_ISL_17088761,1,Japan,Guangxi,2022-12-23,2023-01-02
EPI_ISL_16294667,EPI_ISL_17088759,1,Singapore,Guangxi,2022-12-19,2023-01-02
EPI_ISL_16294667,EPI_ISL_16573318,1,Singapore,Guangdong,2022-12-19,2023-01-02
EPI_ISL_16523697,EPI_ISL_16596951,1,Australia,Jiangxi,2022-12-27,2023-01-02
EPI_ISL_16294667,EPI_ISL_16573315,1,Singapore,Guangdong,2022-12-19,2023-01-02
EPI_ISL_16355504,EPI_ISL_16823502,2,Italy,Hubei,2022-12-29,2023-01-02
EPI_ISL_16584571,EPI_ISL_17487498,2,Australia,Hubei,2023-01-04,2023-01-02
EPI_ISL_16734456,EPI_ISL_16823506,2,USA,Hubei,2022-12-16,2023-01-02
EPI_ISL_17162783,EPI_ISL_16750705,0,Myanmar,Yunnan,2023-01-08,2023-01-03
EPI_ISL_16506664,EPI_ISL_16702251,2,South Korea,Gansu,2022-12-23,2023-01-03
EPI_ISL_16415421,EPI_ISL_16671020,2,USA,Jiangsu,2022-12-15,2023-01-03
EPI_ISL_16568834,EPI_ISL_17170828,6,South Korea,Guangdong,2023-01-07,2023-01-03
EPI_ISL_16259489,EPI_ISL_17170829,1,Singapore,Guangdong,2022-12-17,2023-01-03
EPI_ISL_16259494,EPI_ISL_16671021,3,Singapore,Jiangsu,2022-12-16,2023-01-03
EPI_ISL_16349753,EPI_ISL_16646031,0,Denmark,Yunnan,2022-12-20,2023-01-03
EPI_ISL_16506511,EPI_ISL_16635886,0,South Korea,Xinjiang,2023-01-04,2023-01-03
EPI_ISL_16506482,EPI_ISL_16608459,1,South Korea,Henan,2022-12-28,2023-01-03
EPI_ISL_16349753,EPI_ISL_16610888,2,Denmark,Anhui,2022-12-20,2023-01-03
EPI_ISL_16259494,EPI_ISL_16614087,1,Singapore,Hainan,2022-12-16,2023-01-03
EPI_ISL_16349753,EPI_ISL_16646033,1,Denmark,Yunnan,2022-12-20,2023-01-03
EPI_ISL_16355487,EPI_ISL_16646035,0,Italy,Yunnan,2022-12-29,2023-01-03
EPI_ISL_16691930,EPI_ISL_16573297,3,Japan,Guangdong,2022-12-28,2023-01-03
EPI_ISL_16413604,EPI_ISL_16598676,0,South Korea,Hunan,2022-12-18,2023-01-03
EPI_ISL_16428144,EPI_ISL_16616934,2,Japan,Hubei,2022-12-30,2023-01-03
EPI_ISL_16506482,EPI_ISL_17088841,1,South Korea,Guangxi,2022-12-28,2023-01-03
EPI_ISL_16580305,EPI_ISL_17031603,1,South Africa,Hebei,2023-01-06,2023-01-03
EPI_ISL_16591600,EPI_ISL_17031601,1,Japan,Hebei,2022-12-20,2023-01-03
EPI_ISL_16494627,EPI_ISL_16740793,0,Japan,Anhui,2023-01-02,2023-01-03
EPI_ISL_16259489,EPI_ISL_16709462,2,Singapore,Shaanxi,2022-12-17,2023-01-03
EPI_ISL_16514256,EPI_ISL_16561124,2,South Korea,Fujian,2022-12-25,2023-01-03
EPI_ISL_16693116,EPI_ISL_17031587,1,Japan,Hebei,2022-12-23,2023-01-03
EPI_ISL_16378855,EPI_ISL_16458322,2,Singapore,Gansu,2022-12-23,2023-01-03
EPI_ISL_16506426,EPI_ISL_16597006,1,South Korea,Jiangxi,2022-12-27,2023-01-03
EPI_ISL_16259489,EPI_ISL_17487236,2,Singapore,Hubei,2022-12-17,2023-01-03
EPI_ISL_16259489,EPI_ISL_17487147,2,Singapore,Hubei,2022-12-17,2023-01-03
EPI_ISL_16355503,EPI_ISL_17493093,1,Italy,Sichuan,2022-12-29,2023-01-03
EPI_ISL_16342183,EPI_ISL_17489484,1,Australia,Fujian,2022-12-19,2023-01-03
EPI_ISL_16758909,EPI_ISL_16711801,2,South Korea,Guangdong,2023-01-05,2023-01-03
EPI_ISL_16413610,EPI_ISL_16713271,4,South Korea,Jilin,2022-12-19,2023-01-03
EPI_ISL_16693116,EPI_ISL_17031581,1,Japan,Hebei,2022-12-23,2023-01-03
EPI_ISL_16259489,EPI_ISL_17488434,2,Singapore,Zhejiang,2022-12-17,2023-01-03
EPI_ISL_16294682,EPI_ISL_16597011,0,Singapore,Jiangxi,2022-12-19,2023-01-03
EPI_ISL_16259489,EPI_ISL_17488440,3,Singapore,Zhejiang,2022-12-17,2023-01-03
EPI_ISL_16259489,EPI_ISL_17488437,2,Singapore,Zhejiang,2022-12-17,2023-01-03
EPI_ISL_16413637,EPI_ISL_16573325,1,South Korea,Guangdong,2022-12-21,2023-01-03
EPI_ISL_18044058,EPI_ISL_16635305,0,Kuwait,Neimenggu,2023-01-26,2023-01-03
EPI_ISL_16294667,EPI_ISL_16711927,4,Singapore,Guangdong,2022-12-19,2023-01-04
EPI_ISL_16568669,EPI_ISL_16937127,0,South Korea,Shanxi,2023-01-01,2023-01-04
EPI_ISL_16294667,EPI_ISL_17088798,1,Singapore,Guangxi,2022-12-19,2023-01-04
EPI_ISL_16674634,EPI_ISL_17088846,1,Japan,Guangxi,2023-01-15,2023-01-04
EPI_ISL_16580305,EPI_ISL_16712211,1,South Africa,Guangdong,2023-01-06,2023-01-04
EPI_ISL_16580305,EPI_ISL_16757970,1,South Africa,Shandong,2023-01-06,2023-01-04
EPI_ISL_16294686,EPI_ISL_16758025,4,Singapore,Shandong,2022-12-21,2023-01-04
EPI_ISL_16568811,EPI_ISL_17488388,3,South Korea,Zhejiang,2023-01-06,2023-01-04
EPI_ISL_17581715,EPI_ISL_17088732,1,Hong Kong,Guangxi,2022-12-24,2023-01-04
EPI_ISL_16342183,EPI_ISL_16758302,3,Australia,Shandong,2022-12-19,2023-01-04
EPI_ISL_16580305,EPI_ISL_16757950,3,South Africa,Shandong,2023-01-06,2023-01-04
EPI_ISL_16294682,EPI_ISL_16604699,1,Singapore,Shandong,2022-12-19,2023-01-04
EPI_ISL_16259489,EPI_ISL_16635785,1,Singapore,Zhejiang,2022-12-17,2023-01-04
EPI_ISL_16693116,EPI_ISL_17031611,0,Japan,Hebei,2022-12-23,2023-01-04
EPI_ISL_16259489,EPI_ISL_16635772,2,Singapore,Zhejiang,2022-12-17,2023-01-04
EPI_ISL_16508434,EPI_ISL_16635100,1,France,Ningxia,2022-12-19,2023-01-04
EPI_ISL_16294627,EPI_ISL_16604710,2,Singapore,Shandong,2022-12-19,2023-01-04
EPI_ISL_16428145,EPI_ISL_16604646,2,Japan,Shandong,2022-12-30,2023-01-04
EPI_ISL_16716040,EPI_ISL_16573358,3,South Korea,Guangdong,2023-01-14,2023-01-04
EPI_ISL_16342183,EPI_ISL_16853780,1,Australia,Shanxi,2022-12-19,2023-01-04
EPI_ISL_16508434,EPI_ISL_16709201,1,France,Beijing,2022-12-19,2023-01-04
EPI_ISL_16900281,EPI_ISL_16671009,2,South Korea,Jiangsu,2023-01-12,2023-01-05
EPI_ISL_16413620,EPI_ISL_16723150,3,South Korea,Qinghai,2022-12-19,2023-01-05
EPI_ISL_16900281,EPI_ISL_16853794,3,South Korea,Shanxi,2023-01-12,2023-01-05
EPI_ISL_16580305,EPI_ISL_16853796,1,South Africa,Shanxi,2023-01-06,2023-01-05
EPI_ISL_16693116,EPI_ISL_16758075,3,Japan,Shandong,2022-12-23,2023-01-05
EPI_ISL_16506482,EPI_ISL_16911609,1,South Korea,Shanxi,2022-12-28,2023-01-05
EPI_ISL_16378857,EPI_ISL_16670982,1,Singapore,Jiangsu,2022-12-27,2023-01-05
EPI_ISL_16342183,EPI_ISL_16911601,2,Australia,Shanxi,2022-12-19,2023-01-05
EPI_ISL_16506488,EPI_ISL_16702035,0,South Korea,Chongqing,2022-12-29,2023-01-05
EPI_ISL_16971288,EPI_ISL_16716979,0,Japan,Zhejiang,2023-01-12,2023-01-05
EPI_ISL_16891951,EPI_ISL_17031613,1,Canada,Hebei,2022-12-25,2023-01-05
EPI_ISL_16506667,EPI_ISL_16635743,1,South Korea,Zhejiang,2022-12-23,2023-01-05
EPI_ISL_16494674,EPI_ISL_16635762,1,Japan,Zhejiang,2023-01-03,2023-01-05
EPI_ISL_16506427,EPI_ISL_16635733,2,South Korea,Zhejiang,2022-12-27,2023-01-05
EPI_ISL_16506667,EPI_ISL_16635744,1,South Korea,Zhejiang,2022-12-23,2023-01-05
EPI_ISL_16568683,EPI_ISL_17736102,1,South Korea,Zhejiang,2023-01-01,2023-01-05
EPI_ISL_16651935,EPI_ISL_17736104,2,USA,Zhejiang,2022-12-29,2023-01-05
EPI_ISL_16523697,EPI_ISL_17736090,1,Australia,Zhejiang,2022-12-27,2023-01-05
EPI_ISL_16494674,EPI_ISL_16635756,0,Japan,Zhejiang,2023-01-03,2023-01-05
EPI_ISL_16374746,EPI_ISL_16610087,1,Japan,Anhui,2022-12-19,2023-01-05
EPI_ISL_16342183,EPI_ISL_16580252,1,Australia,Zhejiang,2022-12-19,2023-01-05
EPI_ISL_16259494,EPI_ISL_16635915,2,Singapore,Xinjiang,2022-12-16,2023-01-05
EPI_ISL_16449768,EPI_ISL_16580258,2,USA,Zhejiang,2022-12-27,2023-01-05
EPI_ISL_16342183,EPI_ISL_16646077,1,Australia,Yunnan,2022-12-19,2023-01-05
EPI_ISL_16568811,EPI_ISL_17088686,2,South Korea,Guangxi,2023-01-06,2023-01-05
EPI_ISL_16580305,EPI_ISL_16610756,3,South Africa,Fujian,2023-01-06,2023-01-05
EPI_ISL_16259494,EPI_ISL_16646057,1,Singapore,Yunnan,2022-12-16,2023-01-05
EPI_ISL_18044058,EPI_ISL_16604844,0,Kuwait,Shandong,2023-01-26,2023-01-05
EPI_ISL_16349753,EPI_ISL_16635859,4,Denmark,Xinjiang,2022-12-20,2023-01-05
EPI_ISL_16506924,EPI_ISL_16758329,2,South Korea,Shandong,2022-12-25,2023-01-06
EPI_ISL_16902514,EPI_ISL_16713382,2,Hong Kong,Fujian,2023-02-01,2023-01-06
EPI_ISL_16294686,EPI_ISL_16604772,3,Singapore,Shandong,2022-12-21,2023-01-06
EPI_ISL_16568780,EPI_ISL_16604773,3,South Korea,Shandong,2023-01-05,2023-01-06
EPI_ISL_16900281,EPI_ISL_16604830,3,South Korea,Shandong,2023-01-12,2023-01-06
EPI_ISL_16568841,EPI_ISL_16573281,1,South Korea,Guangdong,2023-01-07,2023-01-06
EPI_ISL_16758909,EPI_ISL_17487480,1,South Korea,Hubei,2023-01-05,2023-01-06
EPI_ISL_16342183,EPI_ISL_16597943,1,Australia,Tianjin,2022-12-19,2023-01-06
EPI_ISL_16342781,EPI_ISL_16481846,4,Australia,Tianjin,2022-12-19,2023-01-06
EPI_ISL_16584571,EPI_ISL_17487487,1,Australia,Hubei,2023-01-04,2023-01-06
EPI_ISL_16588898,EPI_ISL_17490652,3,Japan,Zhejiang,2022-12-16,2023-01-06
EPI_ISL_16415421,EPI_ISL_17490649,2,USA,Zhejiang,2022-12-15,2023-01-06
EPI_ISL_16355504,EPI_ISL_17490646,2,Italy,Zhejiang,2022-12-29,2023-01-06
EPI_ISL_16259489,EPI_ISL_17490645,1,Singapore,Zhejiang,2022-12-17,2023-01-06
EPI_ISL_16415421,EPI_ISL_16702201,2,USA,Gansu,2022-12-15,2023-01-06
EPI_ISL_16534544,EPI_ISL_17016205,0,Singapore,Henan,2022-12-29,2023-01-06
EPI_ISL_16342198,EPI_ISL_16617155,0,Australia,Hubei,2022-12-19,2023-01-06
EPI_ISL_16506511,EPI_ISL_16617153,0,South Korea,Hubei,2023-01-04,2023-01-06
EPI_ISL_16342183,EPI_ISL_16911627,1,Australia,Shanxi,2022-12-19,2023-01-07
EPI_ISL_16693116,EPI_ISL_17488269,1,Japan,Zhejiang,2022-12-23,2023-01-07
EPI_ISL_16406300,EPI_ISL_17489498,3,United Kingdom,Fujian,2022-12-26,2023-01-07
EPI_ISL_17162795,EPI_ISL_16646045,3,Myanmar,Yunnan,2023-01-23,2023-01-07
EPI_ISL_16352294,EPI_ISL_16698396,0,Singapore,Jiangsu,2022-12-22,2023-01-07
EPI_ISL_16508434,EPI_ISL_16849114,1,France,Shandong,2022-12-19,2023-01-07
EPI_ISL_16523697,EPI_ISL_16670978,1,Australia,Jiangsu,2022-12-27,2023-01-07
EPI_ISL_16506488,EPI_ISL_16709162,0,South Korea,Beijing,2022-12-29,2023-01-08
EPI_ISL_17581715,EPI_ISL_16597016,1,Hong Kong,Jiangxi,2022-12-24,2023-01-08
EPI_ISL_17581715,EPI_ISL_16597017,1,Hong Kong,Jiangxi,2022-12-24,2023-01-08
EPI_ISL_16259489,EPI_ISL_16617117,1,Singapore,Hubei,2022-12-17,2023-01-08
EPI_ISL_16734456,EPI_ISL_17489494,1,USA,Fujian,2022-12-16,2023-01-08
EPI_ISL_16693116,EPI_ISL_16758015,1,Japan,Shandong,2022-12-23,2023-01-08
EPI_ISL_16568841,EPI_ISL_16573276,4,South Korea,Guangdong,2023-01-07,2023-01-08
EPI_ISL_16568811,EPI_ISL_16573277,1,South Korea,Guangdong,2023-01-06,2023-01-08
EPI_ISL_16568811,EPI_ISL_16573279,1,South Korea,Guangdong,2023-01-06,2023-01-08
EPI_ISL_16546405,EPI_ISL_17488145,3,Taiwan,Zhejiang,2023-01-07,2023-01-08
EPI_ISL_16259489,EPI_ISL_17488138,1,Singapore,Zhejiang,2022-12-17,2023-01-08
EPI_ISL_16417437,EPI_ISL_17488135,3,USA,Zhejiang,2022-12-19,2023-01-08
EPI_ISL_16259489,EPI_ISL_17488134,2,Singapore,Zhejiang,2022-12-17,2023-01-08
EPI_ISL_16506490,EPI_ISL_16698399,2,South Korea,Jiangsu,2022-12-29,2023-01-08
EPI_ISL_16294711,EPI_ISL_16758274,2,Singapore,Shandong,2022-12-21,2023-01-08
EPI_ISL_18044058,EPI_ISL_16646052,1,Kuwait,Yunnan,2023-01-26,2023-01-08
EPI_ISL_16693116,EPI_ISL_17031618,1,Japan,Hebei,2022-12-23,2023-01-08
EPI_ISL_16506511,EPI_ISL_16702140,5,South Korea,Gansu,2023-01-04,2023-01-08
EPI_ISL_16698375,EPI_ISL_16709503,2,Japan,Shaanxi,2022-12-26,2023-01-08
EPI_ISL_16568810,EPI_ISL_16709030,1,South Korea,Chongqing,2023-01-06,2023-01-09
EPI_ISL_16342183,EPI_ISL_17105590,2,Australia,Anhui,2022-12-19,2023-01-09
EPI_ISL_16374746,EPI_ISL_16635329,1,Japan,Neimenggu,2022-12-19,2023-01-09
EPI_ISL_16693116,EPI_ISL_16604861,2,Japan,Shandong,2022-12-23,2023-01-09
EPI_ISL_16825461,EPI_ISL_17170824,5,Japan,Guangdong,2023-01-16,2023-01-09
EPI_ISL_16580305,EPI_ISL_16702088,2,South Africa,Gansu,2023-01-06,2023-01-09
EPI_ISL_16523697,EPI_ISL_17489446,1,Australia,Fujian,2022-12-27,2023-01-09
EPI_ISL_16259494,EPI_ISL_16636220,4,Singapore,Guizhou,2022-12-16,2023-01-09
EPI_ISL_16591600,EPI_ISL_17031628,1,Japan,Hebei,2022-12-20,2023-01-09
EPI_ISL_16568832,EPI_ISL_16636223,1,South Korea,Guizhou,2023-01-07,2023-01-09
EPI_ISL_16484899,EPI_ISL_17489641,0,United Kingdom,Fujian,2022-12-29,2023-01-09
EPI_ISL_16693116,EPI_ISL_16709492,1,Japan,Shaanxi,2022-12-23,2023-01-09
EPI_ISL_16486744,EPI_ISL_17488316,3,Thailand,Zhejiang,2022-12-20,2023-01-09
EPI_ISL_16513905,EPI_ISL_17488314,3,South Korea,Zhejiang,2022-12-20,2023-01-09
EPI_ISL_16342183,EPI_ISL_17489636,2,Australia,Fujian,2022-12-19,2023-01-09
EPI_ISL_16259494,EPI_ISL_16737894,2,Singapore,Sichuan,2022-12-16,2023-01-09
EPI_ISL_16734456,EPI_ISL_16596999,0,USA,Jiangxi,2022-12-16,2023-01-09
EPI_ISL_16506667,EPI_ISL_16616916,0,South Korea,Hubei,2022-12-23,2023-01-09
EPI_ISL_16415421,EPI_ISL_17488428,8,USA,Zhejiang,2022-12-15,2023-01-09
EPI_ISL_16506482,EPI_ISL_17031645,3,South Korea,Hebei,2022-12-28,2023-01-09
EPI_ISL_16506482,EPI_ISL_17031648,0,South Korea,Hebei,2022-12-28,2023-01-09
EPI_ISL_16693116,EPI_ISL_17488282,1,Japan,Zhejiang,2022-12-23,2023-01-09
EPI_ISL_16259489,EPI_ISL_16709515,1,Singapore,Shaanxi,2022-12-17,2023-01-09
EPI_ISL_17581715,EPI_ISL_16711774,3,Hong Kong,Guangdong,2022-12-24,2023-01-09
EPI_ISL_16506426,EPI_ISL_16617115,3,South Korea,Hubei,2022-12-27,2023-01-09
EPI_ISL_16506667,EPI_ISL_16616995,3,South Korea,Hubei,2022-12-23,2023-01-09
EPI_ISL_16294667,EPI_ISL_16573320,2,Singapore,Guangdong,2022-12-19,2023-01-09
EPI_ISL_16259489,EPI_ISL_17488137,2,Singapore,Zhejiang,2022-12-17,2023-01-09
EPI_ISL_16486744,EPI_ISL_16709116,2,Thailand,Chongqing,2022-12-20,2023-01-09
EPI_ISL_16506426,EPI_ISL_17489623,1,South Korea,Fujian,2022-12-27,2023-01-09
EPI_ISL_16637179,EPI_ISL_17088847,1,Japan,Guangxi,2023-01-11,2023-01-10
EPI_ISL_16523697,EPI_ISL_16679349,2,Australia,Anhui,2022-12-27,2023-01-10
EPI_ISL_16523697,EPI_ISL_16679351,3,Australia,Anhui,2022-12-27,2023-01-10
EPI_ISL_16568823,EPI_ISL_16598698,1,South Korea,Hunan,2023-01-06,2023-01-10
EPI_ISL_16506667,EPI_ISL_16604852,0,South Korea,Shandong,2022-12-23,2023-01-10
EPI_ISL_16506667,EPI_ISL_16617098,1,South Korea,Hubei,2022-12-23,2023-01-10
EPI_ISL_16691930,EPI_ISL_16711845,1,Japan,Guangdong,2022-12-28,2023-01-10
EPI_ISL_16693116,EPI_ISL_17031651,3,Japan,Hebei,2022-12-23,2023-01-10
EPI_ISL_16259489,EPI_ISL_17489480,1,Singapore,Fujian,2022-12-17,2023-01-10
EPI_ISL_16294667,EPI_ISL_16711772,1,Singapore,Guangdong,2022-12-19,2023-01-10
EPI_ISL_16506511,EPI_ISL_16635336,4,South Korea,Neimenggu,2023-01-04,2023-01-10
EPI_ISL_16286992,EPI_ISL_17185733,3,Italy,Liaoning,2022-12-18,2023-01-10
EPI_ISL_16523697,EPI_ISL_17488429,1,Australia,Zhejiang,2022-12-27,2023-01-10
EPI_ISL_16568823,EPI_ISL_16598705,0,South Korea,Hunan,2023-01-06,2023-01-10
EPI_ISL_17581715,EPI_ISL_16573354,1,Hong Kong,Guangdong,2022-12-24,2023-01-10
EPI_ISL_16939535,EPI_ISL_17088674,0,Taiwan,Guangxi,2023-01-03,2023-01-10
EPI_ISL_16568834,EPI_ISL_17088689,0,South Korea,Guangxi,2023-01-07,2023-01-10
EPI_ISL_16294667,EPI_ISL_17170694,2,Singapore,Guangdong,2022-12-19,2023-01-10
EPI_ISL_16294667,EPI_ISL_17088692,3,Singapore,Guangxi,2022-12-19,2023-01-10
EPI_ISL_16294667,EPI_ISL_17088691,2,Singapore,Guangxi,2022-12-19,2023-01-10
EPI_ISL_16693116,EPI_ISL_17088693,2,Japan,Guangxi,2022-12-23,2023-01-10
EPI_ISL_16506667,EPI_ISL_16610892,1,South Korea,Anhui,2022-12-23,2023-01-11
EPI_ISL_16506667,EPI_ISL_16598696,1,South Korea,Hunan,2022-12-23,2023-01-11
EPI_ISL_16494630,EPI_ISL_16598694,2,Japan,Hunan,2023-01-02,2023-01-11
EPI_ISL_16534074,EPI_ISL_16849148,0,Singapore,Shandong,2023-01-09,2023-01-11
EPI_ISL_16735328,EPI_ISL_17489556,1,Japan,Fujian,2023-01-18,2023-01-11
EPI_ISL_16406300,EPI_ISL_17062077,0,United Kingdom,Henan,2022-12-26,2023-01-11
EPI_ISL_16413619,EPI_ISL_17062074,1,South Korea,Henan,2022-12-19,2023-01-11
EPI_ISL_16580305,EPI_ISL_17488396,2,South Africa,Zhejiang,2023-01-06,2023-01-11
EPI_ISL_16580305,EPI_ISL_17062066,0,South Africa,Henan,2023-01-06,2023-01-11
EPI_ISL_16506485,EPI_ISL_16740827,0,South Korea,Anhui,2022-12-28,2023-01-11
EPI_ISL_16506482,EPI_ISL_16740841,0,South Korea,Anhui,2022-12-28,2023-01-11
EPI_ISL_16523697,EPI_ISL_16758097,1,Australia,Shandong,2022-12-27,2023-01-11
EPI_ISL_16523697,EPI_ISL_16596959,1,Australia,Jiangxi,2022-12-27,2023-01-11
EPI_ISL_16355504,EPI_ISL_16596961,1,Italy,Jiangxi,2022-12-29,2023-01-11
EPI_ISL_16349753,EPI_ISL_16604924,4,Denmark,Hainan,2022-12-20,2023-01-11
EPI_ISL_16352296,EPI_ISL_16604761,2,Singapore,Shandong,2022-12-23,2023-01-11
EPI_ISL_16580305,EPI_ISL_16598720,1,South Africa,Hunan,2023-01-06,2023-01-11
EPI_ISL_16584571,EPI_ISL_16596968,0,Australia,Jiangxi,2023-01-04,2023-01-11
EPI_ISL_16506426,EPI_ISL_16709122,4,South Korea,Chongqing,2022-12-27,2023-01-12
EPI_ISL_16506426,EPI_ISL_16709125,1,South Korea,Chongqing,2022-12-27,2023-01-12
EPI_ISL_16413619,EPI_ISL_17031665,2,South Korea,Hebei,2022-12-19,2023-01-12
EPI_ISL_16568832,EPI_ISL_16604897,4,South Korea,Shandong,2023-01-07,2023-01-12
EPI_ISL_16580305,EPI_ISL_16604887,2,South Africa,Shandong,2023-01-06,2023-01-12
EPI_ISL_16693116,EPI_ISL_16635824,1,Japan,Zhejiang,2022-12-23,2023-01-12
EPI_ISL_16580305,EPI_ISL_16702160,1,South Africa,Gansu,2023-01-06,2023-01-12
EPI_ISL_16693116,EPI_ISL_16635817,1,Japan,Zhejiang,2022-12-23,2023-01-12
EPI_ISL_16342183,EPI_ISL_16604878,1,Australia,Shandong,2022-12-19,2023-01-12
EPI_ISL_16494598,EPI_ISL_16604888,0,Japan,Shandong,2023-01-01,2023-01-12
EPI_ISL_16588898,EPI_ISL_16635344,1,Japan,Neimenggu,2022-12-16,2023-01-12
EPI_ISL_16342183,EPI_ISL_16911666,0,Australia,Shanxi,2022-12-19,2023-01-12
EPI_ISL_16428145,EPI_ISL_17170695,1,Japan,Guangdong,2022-12-30,2023-01-12
EPI_ISL_16294667,EPI_ISL_17170696,1,Singapore,Guangdong,2022-12-19,2023-01-12
EPI_ISL_16259489,EPI_ISL_16617338,3,Singapore,Hubei,2022-12-17,2023-01-12
EPI_ISL_16342183,EPI_ISL_16911669,1,Australia,Shanxi,2022-12-19,2023-01-12
EPI_ISL_16506426,EPI_ISL_16758161,1,South Korea,Shandong,2022-12-27,2023-01-13
EPI_ISL_16735402,EPI_ISL_16746590,2,Taiwan,Anhui,2023-01-04,2023-01-13
EPI_ISL_16523697,EPI_ISL_16698435,4,Australia,Jiangsu,2022-12-27,2023-01-13
EPI_ISL_16580305,EPI_ISL_16698437,3,South Africa,Jiangsu,2023-01-06,2023-01-13
EPI_ISL_16294667,EPI_ISL_16854372,3,Singapore,Jiangxi,2022-12-19,2023-01-13
EPI_ISL_16506511,EPI_ISL_16702151,0,South Korea,Gansu,2023-01-04,2023-01-13
EPI_ISL_16352296,EPI_ISL_16758069,1,Singapore,Shandong,2022-12-23,2023-01-13
EPI_ISL_16568780,EPI_ISL_17620399,2,South Korea,Beijing,2023-01-05,2023-01-13
EPI_ISL_16428145,EPI_ISL_16702157,2,Japan,Gansu,2022-12-30,2023-01-13
EPI_ISL_16523697,EPI_ISL_16597049,1,Australia,Jiangxi,2022-12-27,2023-01-13
EPI_ISL_16842531,EPI_ISL_16758047,1,Japan,Shandong,2023-01-13,2023-01-14
EPI_ISL_16735328,EPI_ISL_16737841,2,Japan,Sichuan,2023-01-18,2023-01-14
EPI_ISL_16259494,EPI_ISL_16598439,1,Singapore,Heilongjiang,2022-12-16,2023-01-14
EPI_ISL_16486744,EPI_ISL_17489545,3,Thailand,Fujian,2022-12-20,2023-01-14
EPI_ISL_16374746,EPI_ISL_16698406,1,Japan,Jiangsu,2022-12-19,2023-01-15
EPI_ISL_16506667,EPI_ISL_16854330,1,South Korea,Jiangxi,2022-12-23,2023-01-15
EPI_ISL_16294667,EPI_ISL_16854325,2,Singapore,Jiangxi,2022-12-19,2023-01-15
EPI_ISL_16734456,EPI_ISL_17489543,0,USA,Fujian,2022-12-16,2023-01-15
EPI_ISL_16413621,EPI_ISL_16758061,1,South Korea,Shandong,2022-12-19,2023-01-15
EPI_ISL_16568811,EPI_ISL_17489541,0,South Korea,Fujian,2023-01-06,2023-01-15
EPI_ISL_16294667,EPI_ISL_16712139,3,Singapore,Guangdong,2022-12-19,2023-01-15
EPI_ISL_16349753,EPI_ISL_16746583,3,Denmark,Anhui,2022-12-20,2023-01-15
EPI_ISL_16691930,EPI_ISL_16712179,1,Japan,Guangdong,2022-12-28,2023-01-15
EPI_ISL_16355505,EPI_ISL_16911676,1,Italy,Shanxi,2022-12-29,2023-01-15
EPI_ISL_16452378,EPI_ISL_16911681,2,Canada,Shanxi,2022-12-29,2023-01-15
EPI_ISL_16506667,EPI_ISL_16610905,2,South Korea,Anhui,2022-12-23,2023-01-16
EPI_ISL_16413619,EPI_ISL_16910801,1,South Korea,Heilongjiang,2022-12-19,2023-01-16
EPI_ISL_16294686,EPI_ISL_17170821,2,Singapore,Guangdong,2022-12-21,2023-01-16
EPI_ISL_16521456,EPI_ISL_16737851,4,Japan,Sichuan,2022-12-29,2023-01-16
EPI_ISL_16576958,EPI_ISL_16610903,1,Japan,Anhui,2023-01-08,2023-01-16
EPI_ISL_16342183,EPI_ISL_17493506,4,Australia,Guangdong,2022-12-19,2023-01-16
EPI_ISL_16637179,EPI_ISL_16737861,2,Japan,Sichuan,2023-01-11,2023-01-16
EPI_ISL_16842589,EPI_ISL_16737857,1,Japan,Sichuan,2023-01-13,2023-01-16
EPI_ISL_16294667,EPI_ISL_16803536,2,Singapore,Guangdong,2022-12-19,2023-01-16
EPI_ISL_16350556,EPI_ISL_17170761,1,USA,Guangdong,2022-12-22,2023-01-16
EPI_ISL_17581713,EPI_ISL_17170760,0,Hong Kong,Guangdong,2022-12-23,2023-01-16
EPI_ISL_17581715,EPI_ISL_16723093,1,Hong Kong,Hainan,2022-12-24,2023-01-16
EPI_ISL_16699813,EPI_ISL_17736151,0,Germany,Zhejiang,2023-01-03,2023-01-16
EPI_ISL_16733104,EPI_ISL_17488235,4,USA,Zhejiang,2022-12-20,2023-01-16
EPI_ISL_16259489,EPI_ISL_17490637,3,Singapore,Zhejiang,2022-12-17,2023-01-16
EPI_ISL_16693116,EPI_ISL_16873144,3,Japan,Zhejiang,2022-12-23,2023-01-16
EPI_ISL_16506667,EPI_ISL_16746587,1,South Korea,Anhui,2022-12-23,2023-01-16
EPI_ISL_16506664,EPI_ISL_16723095,0,South Korea,Hainan,2022-12-23,2023-01-16
EPI_ISL_16506667,EPI_ISL_17494426,2,South Korea,Shaanxi,2022-12-23,2023-01-16
EPI_ISL_16506511,EPI_ISL_17494428,2,South Korea,Shaanxi,2023-01-04,2023-01-16
EPI_ISL_16902514,EPI_ISL_16876908,2,Hong Kong,Zhejiang,2023-02-01,2023-01-16
EPI_ISL_16806247,EPI_ISL_16937144,1,Japan,Shanxi,2023-01-17,2023-01-16
EPI_ISL_16415421,EPI_ISL_17490625,3,USA,Zhejiang,2022-12-15,2023-01-16
EPI_ISL_16693116,EPI_ISL_16698471,2,Japan,Jiangsu,2022-12-23,2023-01-16
EPI_ISL_17581715,EPI_ISL_16698472,1,Hong Kong,Jiangsu,2022-12-24,2023-01-16
EPI_ISL_16523697,EPI_ISL_16854346,2,Australia,Jiangxi,2022-12-27,2023-01-16
EPI_ISL_16734456,EPI_ISL_16854343,3,USA,Jiangxi,2022-12-16,2023-01-16
EPI_ISL_16580305,EPI_ISL_16911679,2,South Africa,Shanxi,2023-01-06,2023-01-16
EPI_ISL_16568832,EPI_ISL_16758182,4,South Korea,Shandong,2023-01-07,2023-01-16
EPI_ISL_16693116,EPI_ISL_16723149,3,Japan,Qinghai,2022-12-23,2023-01-16
EPI_ISL_16415421,EPI_ISL_16758316,2,USA,Shandong,2022-12-15,2023-01-16
EPI_ISL_16716040,EPI_ISL_16633793,2,South Korea,Anhui,2023-01-14,2023-01-16
EPI_ISL_16506488,EPI_ISL_16854234,1,South Korea,Beijing,2022-12-29,2023-01-17
EPI_ISL_17581715,EPI_ISL_17493462,1,Hong Kong,Guangdong,2022-12-24,2023-01-17
EPI_ISL_16580305,EPI_ISL_17489812,2,South Africa,Guangdong,2023-01-06,2023-01-17
EPI_ISL_16506426,EPI_ISL_16737874,1,South Korea,Sichuan,2022-12-27,2023-01-17
EPI_ISL_16568828,EPI_ISL_16854241,2,South Korea,Beijing,2023-01-06,2023-01-17
EPI_ISL_16900281,EPI_ISL_17493418,2,South Korea,Guangdong,2023-01-12,2023-01-17
EPI_ISL_16342183,EPI_ISL_17031708,4,Australia,Hebei,2022-12-19,2023-01-17
EPI_ISL_16259494,EPI_ISL_16758153,2,Singapore,Shandong,2022-12-16,2023-01-17
EPI_ISL_16342183,EPI_ISL_17031705,3,Australia,Hebei,2022-12-19,2023-01-17
EPI_ISL_16891951,EPI_ISL_17183562,1,Canada,Liaoning,2022-12-25,2023-01-17
EPI_ISL_16355504,EPI_ISL_17488226,2,Italy,Zhejiang,2022-12-29,2023-01-17
EPI_ISL_16693116,EPI_ISL_17488246,2,Japan,Zhejiang,2022-12-23,2023-01-17
EPI_ISL_16576959,EPI_ISL_16758194,1,Japan,Shandong,2023-01-08,2023-01-17
EPI_ISL_16494598,EPI_ISL_16758093,1,Japan,Shandong,2023-01-01,2023-01-17
EPI_ISL_16902514,EPI_ISL_17489809,1,Hong Kong,Guangdong,2023-02-01,2023-01-17
EPI_ISL_16494598,EPI_ISL_16758143,1,Japan,Shandong,2023-01-01,2023-01-17
EPI_ISL_16506511,EPI_ISL_17150459,2,South Korea,Gansu,2023-01-04,2023-01-17
EPI_ISL_16523697,EPI_ISL_16854349,2,Australia,Jiangxi,2022-12-27,2023-01-17
EPI_ISL_16428144,EPI_ISL_17487468,1,Japan,Hubei,2022-12-30,2023-01-17
EPI_ISL_16514026,EPI_ISL_16746594,2,South Korea,Anhui,2022-12-25,2023-01-17
EPI_ISL_16734456,EPI_ISL_17488953,1,USA,Fujian,2022-12-16,2023-01-17
EPI_ISL_16413628,EPI_ISL_17493407,1,South Korea,Liaoning,2022-12-20,2023-01-17
EPI_ISL_16294667,EPI_ISL_16711988,2,Singapore,Guangdong,2022-12-19,2023-01-17
EPI_ISL_16483088,EPI_ISL_16712163,2,Singapore,Guangdong,2023-01-02,2023-01-17
EPI_ISL_16342183,EPI_ISL_16921867,1,Australia,Jiangsu,2022-12-19,2023-01-18
EPI_ISL_16591600,EPI_ISL_17488219,1,Japan,Zhejiang,2022-12-20,2023-01-18
EPI_ISL_16506482,EPI_ISL_17031710,2,South Korea,Hebei,2022-12-28,2023-01-18
EPI_ISL_16580305,EPI_ISL_17062124,0,South Africa,Henan,2023-01-06,2023-01-18
EPI_ISL_16506426,EPI_ISL_16758251,3,South Korea,Shandong,2022-12-27,2023-01-18
EPI_ISL_16900281,EPI_ISL_16849083,6,South Korea,Shandong,2023-01-12,2023-01-18
EPI_ISL_16494630,EPI_ISL_17487740,1,Japan,Hubei,2023-01-02,2023-01-18
EPI_ISL_16355505,EPI_ISL_17170742,4,Italy,Guangdong,2022-12-29,2023-01-18
EPI_ISL_16355504,EPI_ISL_17488179,2,Italy,Zhejiang,2022-12-29,2023-01-18
EPI_ISL_16294667,EPI_ISL_17488500,1,Singapore,Fujian,2022-12-19,2023-01-19
EPI_ISL_16428144,EPI_ISL_16838991,1,Japan,Fujian,2022-12-30,2023-01-19
EPI_ISL_16294667,EPI_ISL_17495027,1,Singapore,Jiangxi,2022-12-19,2023-01-19
EPI_ISL_16508434,EPI_ISL_16937158,2,France,Shanxi,2022-12-19,2023-01-19
EPI_ISL_16506427,EPI_ISL_17488638,1,South Korea,Fujian,2022-12-27,2023-01-19
EPI_ISL_16342183,EPI_ISL_17490621,2,Australia,Zhejiang,2022-12-19,2023-01-19
EPI_ISL_16891951,EPI_ISL_17183548,2,Canada,Liaoning,2022-12-25,2023-01-20
EPI_ISL_16691930,EPI_ISL_16719073,0,Japan,Hainan,2022-12-28,2023-01-20
EPI_ISL_16294667,EPI_ISL_16719473,2,Singapore,Hainan,2022-12-19,2023-01-20
EPI_ISL_16294686,EPI_ISL_16849185,0,Singapore,Shandong,2022-12-21,2023-01-20
EPI_ISL_16568832,EPI_ISL_16849186,3,South Korea,Shandong,2023-01-07,2023-01-20
EPI_ISL_16693116,EPI_ISL_16679359,4,Japan,Anhui,2022-12-23,2023-01-20
EPI_ISL_16406300,EPI_ISL_16849181,5,United Kingdom,Shandong,2022-12-26,2023-01-21
EPI_ISL_16413619,EPI_ISL_17494408,2,South Korea,Shaanxi,2022-12-19,2023-01-21
EPI_ISL_16568832,EPI_ISL_16849210,0,South Korea,Shandong,2023-01-07,2023-01-21
EPI_ISL_16693116,EPI_ISL_16758214,1,Japan,Shandong,2022-12-23,2023-01-22
EPI_ISL_16693116,EPI_ISL_16758216,1,Japan,Shandong,2022-12-23,2023-01-22
EPI_ISL_16588898,EPI_ISL_16698002,1,Japan,Xinjiang,2022-12-16,2023-01-22
EPI_ISL_16693116,EPI_ISL_16679374,2,Japan,Anhui,2022-12-23,2023-01-22
EPI_ISL_16693116,EPI_ISL_16825385,1,Japan,Anhui,2022-12-23,2023-01-23
EPI_ISL_16415421,EPI_ISL_16825382,6,USA,Anhui,2022-12-15,2023-01-23
EPI_ISL_16891951,EPI_ISL_17185739,2,Canada,Liaoning,2022-12-25,2023-01-23
EPI_ISL_16891951,EPI_ISL_17185738,2,Canada,Liaoning,2022-12-25,2023-01-23
EPI_ISL_16506667,EPI_ISL_16713983,1,South Korea,Anhui,2022-12-23,2023-01-23
EPI_ISL_16294667,EPI_ISL_17170867,2,Singapore,Guangdong,2022-12-19,2023-01-23
EPI_ISL_16580305,EPI_ISL_17488618,3,South Africa,Fujian,2023-01-06,2023-01-23
EPI_ISL_16415421,EPI_ISL_17488189,1,USA,Zhejiang,2022-12-15,2023-01-23
EPI_ISL_16342183,EPI_ISL_16854214,1,Australia,Beijing,2022-12-19,2023-01-23
EPI_ISL_16355505,EPI_ISL_16740868,4,Italy,Anhui,2022-12-29,2023-01-24
EPI_ISL_16259489,EPI_ISL_16911105,2,Singapore,Hubei,2022-12-17,2023-01-24
EPI_ISL_16891951,EPI_ISL_17185729,1,Canada,Liaoning,2022-12-25,2023-01-24
EPI_ISL_16568841,EPI_ISL_17170864,3,South Korea,Guangdong,2023-01-07,2023-01-24
EPI_ISL_16259494,EPI_ISL_16849178,1,Singapore,Shandong,2022-12-16,2023-01-24
EPI_ISL_16693116,EPI_ISL_17494007,7,Japan,Anhui,2022-12-23,2023-01-25
EPI_ISL_16523697,EPI_ISL_17494235,1,Australia,Jiangxi,2022-12-27,2023-01-25
EPI_ISL_16506667,EPI_ISL_17493993,2,South Korea,Anhui,2022-12-23,2023-01-25
EPI_ISL_16506667,EPI_ISL_16910723,2,South Korea,Anhui,2022-12-23,2023-01-26
EPI_ISL_16549253,EPI_ISL_16758287,2,India,Shandong,2022-12-27,2023-01-26
EPI_ISL_16494591,EPI_ISL_16809293,0,Japan,Anhui,2023-01-01,2023-01-26
EPI_ISL_16580305,EPI_ISL_16809292,2,South Africa,Anhui,2023-01-06,2023-01-26
EPI_ISL_16342183,EPI_ISL_17031755,2,Australia,Hebei,2022-12-19,2023-01-26
EPI_ISL_16506667,EPI_ISL_17493990,2,South Korea,Anhui,2022-12-23,2023-01-26
EPI_ISL_16576936,EPI_ISL_17488298,3,Japan,Zhejiang,2023-01-08,2023-01-26
EPI_ISL_16568811,EPI_ISL_17485569,3,South Korea,Jiangxi,2023-01-06,2023-01-26
EPI_ISL_16580305,EPI_ISL_16937167,1,South Africa,Shanxi,2023-01-06,2023-01-26
EPI_ISL_16506482,EPI_ISL_16937171,2,South Korea,Shanxi,2022-12-28,2023-01-26
EPI_ISL_16259489,EPI_ISL_17494440,1,Singapore,Shaanxi,2022-12-17,2023-01-26
EPI_ISL_16580305,EPI_ISL_16758298,1,South Africa,Shandong,2023-01-06,2023-01-26
EPI_ISL_16900281,EPI_ISL_16937175,2,South Korea,Shanxi,2023-01-12,2023-01-27
EPI_ISL_16413613,EPI_ISL_16937143,3,South Korea,Shanxi,2022-12-19,2023-01-27
EPI_ISL_16415421,EPI_ISL_16926304,2,USA,Henan,2022-12-15,2023-01-27
EPI_ISL_16842531,EPI_ISL_17183564,2,Japan,Liaoning,2023-01-13,2023-01-27
EPI_ISL_16891951,EPI_ISL_17185728,1,Canada,Liaoning,2022-12-25,2023-01-27
EPI_ISL_16571686,EPI_ISL_16910827,0,USA,Heilongjiang,2022-12-19,2023-01-27
EPI_ISL_16342183,EPI_ISL_16937178,1,Australia,Shanxi,2022-12-19,2023-01-28
EPI_ISL_16506482,EPI_ISL_17488156,2,South Korea,Zhejiang,2022-12-28,2023-01-28
EPI_ISL_16342183,EPI_ISL_17488157,1,Australia,Zhejiang,2022-12-19,2023-01-28
EPI_ISL_16342183,EPI_ISL_17488160,1,Australia,Zhejiang,2022-12-19,2023-01-28
EPI_ISL_16342183,EPI_ISL_17488163,2,Australia,Zhejiang,2022-12-19,2023-01-28
EPI_ISL_16523697,EPI_ISL_17488169,3,Australia,Zhejiang,2022-12-27,2023-01-28
EPI_ISL_16413615,EPI_ISL_16823539,1,South Korea,Hubei,2022-12-19,2023-01-28
EPI_ISL_16350556,EPI_ISL_16748549,3,USA,Guangdong,2022-12-22,2023-01-28
EPI_ISL_16294667,EPI_ISL_17489802,3,Singapore,Guangdong,2022-12-19,2023-01-28
EPI_ISL_16580305,EPI_ISL_17031768,1,South Africa,Hebei,2023-01-06,2023-01-28
EPI_ISL_16693116,EPI_ISL_17031767,3,Japan,Hebei,2022-12-23,2023-01-28
EPI_ISL_16506667,EPI_ISL_17495275,1,South Korea,Anhui,2022-12-23,2023-01-28
EPI_ISL_16718507,EPI_ISL_16899494,6,Japan,Sichuan,2022-12-29,2023-01-28
EPI_ISL_16506667,EPI_ISL_16854377,2,South Korea,Jiangxi,2022-12-23,2023-01-28
EPI_ISL_16693116,EPI_ISL_17488104,3,Japan,Zhejiang,2022-12-23,2023-01-29
EPI_ISL_16716040,EPI_ISL_17488105,1,South Korea,Zhejiang,2023-01-14,2023-01-29
EPI_ISL_16534074,EPI_ISL_17170768,4,Singapore,Guangdong,2023-01-09,2023-01-29
EPI_ISL_16494630,EPI_ISL_16824279,2,Japan,Hubei,2023-01-02,2023-01-29
EPI_ISL_16568834,EPI_ISL_17170753,2,South Korea,Guangdong,2023-01-07,2023-01-30
EPI_ISL_16352294,EPI_ISL_17031782,3,Singapore,Hebei,2022-12-22,2023-01-30
EPI_ISL_16294686,EPI_ISL_16849227,4,Singapore,Shandong,2022-12-21,2023-01-30
EPI_ISL_16523697,EPI_ISL_17494104,3,Australia,Anhui,2022-12-27,2023-01-30
EPI_ISL_16506511,EPI_ISL_17494072,0,South Korea,Shaanxi,2023-01-04,2023-01-30
EPI_ISL_16693116,EPI_ISL_17063017,2,Japan,Henan,2022-12-23,2023-01-30
EPI_ISL_16294667,EPI_ISL_16838998,5,Singapore,Fujian,2022-12-19,2023-01-30
EPI_ISL_16508434,EPI_ISL_17488100,2,France,Zhejiang,2022-12-19,2023-01-30
EPI_ISL_17685194,EPI_ISL_17170909,2,Hong Kong,Guangdong,2023-01-08,2023-01-30
EPI_ISL_16506426,EPI_ISL_17170808,1,South Korea,Guangdong,2022-12-27,2023-01-30
EPI_ISL_16580305,EPI_ISL_17063004,2,South Africa,Henan,2023-01-06,2023-01-30
EPI_ISL_16294612,EPI_ISL_17063006,1,Singapore,Henan,2022-12-20,2023-01-30
EPI_ISL_16342183,EPI_ISL_16849195,3,Australia,Shandong,2022-12-19,2023-01-31
EPI_ISL_16568780,EPI_ISL_16977233,4,South Korea,Fujian,2023-01-05,2023-01-31
EPI_ISL_16342183,EPI_ISL_17031806,2,Australia,Hebei,2022-12-19,2023-01-31
EPI_ISL_16294667,EPI_ISL_16839016,1,Singapore,Fujian,2022-12-19,2023-01-31
EPI_ISL_18044058,EPI_ISL_16839007,1,Kuwait,Fujian,2023-01-26,2023-01-31
EPI_ISL_16891951,EPI_ISL_16825444,1,Canada,Hainan,2022-12-25,2023-01-31
EPI_ISL_16294667,EPI_ISL_17170801,1,Singapore,Guangdong,2022-12-19,2023-02-01
EPI_ISL_16734456,EPI_ISL_17170856,2,USA,Guangdong,2022-12-16,2023-02-01
EPI_ISL_16716040,EPI_ISL_17488090,3,South Korea,Zhejiang,2023-01-14,2023-02-01
EPI_ISL_16580305,EPI_ISL_16977182,1,South Africa,Fujian,2023-01-06,2023-02-01
EPI_ISL_16523697,EPI_ISL_17494867,3,Australia,Jiangxi,2022-12-27,2023-02-01
EPI_ISL_16514019,EPI_ISL_17494866,4,South Korea,Jiangxi,2022-12-26,2023-02-01
EPI_ISL_16413615,EPI_ISL_16977179,1,South Korea,Fujian,2022-12-19,2023-02-01
EPI_ISL_16716040,EPI_ISL_17487361,5,South Korea,Hubei,2023-01-14,2023-02-01
EPI_ISL_16842531,EPI_ISL_16977216,2,Japan,Fujian,2023-01-13,2023-02-01
EPI_ISL_16523697,EPI_ISL_16977226,2,Australia,Fujian,2022-12-27,2023-02-01
EPI_ISL_16506667,EPI_ISL_16977222,2,South Korea,Fujian,2022-12-23,2023-02-01
EPI_ISL_16413620,EPI_ISL_17494415,2,South Korea,Shaanxi,2022-12-19,2023-02-01
EPI_ISL_16506426,EPI_ISL_16977193,3,South Korea,Fujian,2022-12-27,2023-02-01
EPI_ISL_16718858,EPI_ISL_17031810,0,Japan,Hebei,2023-01-05,2023-02-01
EPI_ISL_16734456,EPI_ISL_17494139,4,USA,Shaanxi,2022-12-16,2023-02-01
EPI_ISL_16580305,EPI_ISL_17031809,4,South Africa,Hebei,2023-01-06,2023-02-01
EPI_ISL_16716040,EPI_ISL_17488088,1,South Korea,Zhejiang,2023-01-14,2023-02-02
EPI_ISL_16294670,EPI_ISL_17488087,1,Singapore,Zhejiang,2022-12-19,2023-02-02
EPI_ISL_16506427,EPI_ISL_17494412,2,South Korea,Shaanxi,2022-12-27,2023-02-02
EPI_ISL_16580305,EPI_ISL_17031819,2,South Africa,Hebei,2023-01-06,2023-02-02
EPI_ISL_16342183,EPI_ISL_17031822,1,Australia,Hebei,2022-12-19,2023-02-02
EPI_ISL_16900281,EPI_ISL_17494258,3,South Korea,Shaanxi,2023-01-12,2023-02-02
EPI_ISL_16413615,EPI_ISL_17488949,2,South Korea,Fujian,2022-12-19,2023-02-02
EPI_ISL_16716040,EPI_ISL_16977185,5,South Korea,Fujian,2023-01-14,2023-02-02
EPI_ISL_16506660,EPI_ISL_16955405,3,South Korea,Beijing,2022-12-23,2023-02-02
EPI_ISL_16735328,EPI_ISL_16873120,1,Japan,Qinghai,2023-01-18,2023-02-03
EPI_ISL_16506482,EPI_ISL_17031828,3,South Korea,Hebei,2022-12-28,2023-02-03
EPI_ISL_16576936,EPI_ISL_17031829,3,Japan,Hebei,2023-01-08,2023-02-03
EPI_ISL_16508434,EPI_ISL_16873105,1,France,Anhui,2022-12-19,2023-02-03
EPI_ISL_16735328,EPI_ISL_16873111,2,Japan,Anhui,2023-01-18,2023-02-03
EPI_ISL_16342183,EPI_ISL_17199707,1,Australia,Heilongjiang,2022-12-19,2023-02-03
EPI_ISL_16428144,EPI_ISL_16997143,3,Japan,Anhui,2022-12-30,2023-02-03
EPI_ISL_16413615,EPI_ISL_16997141,3,South Korea,Anhui,2022-12-19,2023-02-03
EPI_ISL_16294667,EPI_ISL_17488569,4,Singapore,Fujian,2022-12-19,2023-02-03
EPI_ISL_16506482,EPI_ISL_17501688,0,South Korea,Xinjiang,2022-12-28,2023-02-03
EPI_ISL_16514019,EPI_ISL_17495456,5,South Korea,Jiangxi,2022-12-26,2023-02-03
EPI_ISL_16355504,EPI_ISL_17485586,2,Italy,Jiangxi,2022-12-29,2023-02-03
EPI_ISL_16355485,EPI_ISL_16926308,2,Italy,Henan,2022-12-29,2023-02-03
EPI_ISL_16413619,EPI_ISL_17031831,3,South Korea,Hebei,2022-12-19,2023-02-04
EPI_ISL_17581715,EPI_ISL_17485587,1,Hong Kong,Jiangxi,2022-12-24,2023-02-04
EPI_ISL_16259494,EPI_ISL_17281119,4,Singapore,Henan,2022-12-16,2023-02-04
EPI_ISL_17685194,EPI_ISL_17170881,2,Hong Kong,Guangdong,2023-01-08,2023-02-05
EPI_ISL_16508434,EPI_ISL_16902571,1,France,Anhui,2022-12-19,2023-02-05
EPI_ISL_16522191,EPI_ISL_16970233,0,Japan,Sichuan,2023-01-04,2023-02-05
EPI_ISL_16342183,EPI_ISL_17031837,1,Australia,Hebei,2022-12-19,2023-02-05
EPI_ISL_16693116,EPI_ISL_17031834,1,Japan,Hebei,2022-12-23,2023-02-05
EPI_ISL_16568832,EPI_ISL_17031833,2,South Korea,Hebei,2023-01-07,2023-02-05
EPI_ISL_16506660,EPI_ISL_17199769,4,South Korea,Heilongjiang,2022-12-23,2023-02-06
EPI_ISL_16902514,EPI_ISL_17485588,1,Hong Kong,Jiangxi,2023-02-01,2023-02-06
EPI_ISL_16580305,EPI_ISL_16910848,5,South Africa,Heilongjiang,2023-01-06,2023-02-06
EPI_ISL_16259489,EPI_ISL_17488070,2,Singapore,Zhejiang,2022-12-17,2023-02-06
EPI_ISL_16523697,EPI_ISL_17487668,4,Australia,Hubei,2022-12-27,2023-02-06
EPI_ISL_16259489,EPI_ISL_17072232,4,Singapore,Fujian,2022-12-17,2023-02-06
EPI_ISL_16523697,EPI_ISL_16921660,2,Australia,Anhui,2022-12-27,2023-02-06
EPI_ISL_16568811,EPI_ISL_17031849,5,South Korea,Hebei,2023-01-06,2023-02-06
EPI_ISL_16508434,EPI_ISL_16955202,1,France,Anhui,2022-12-19,2023-02-06
EPI_ISL_16417437,EPI_ISL_16977214,5,USA,Fujian,2022-12-19,2023-02-06
EPI_ISL_16693116,EPI_ISL_17031844,2,Japan,Hebei,2022-12-23,2023-02-06
EPI_ISL_16693116,EPI_ISL_17170847,4,Japan,Guangdong,2022-12-23,2023-02-06
EPI_ISL_16952946,EPI_ISL_17494215,4,New Zealand,Anhui,2022-12-23,2023-02-07
EPI_ISL_16406300,EPI_ISL_17062999,4,United Kingdom,Henan,2022-12-26,2023-02-07
EPI_ISL_16342781,EPI_ISL_17027424,4,Australia,Tianjin,2022-12-19,2023-02-07
EPI_ISL_16693116,EPI_ISL_17031527,6,Japan,Hebei,2022-12-23,2023-02-07
EPI_ISL_16352296,EPI_ISL_17027402,2,Singapore,Tianjin,2022-12-23,2023-02-07
EPI_ISL_16413619,EPI_ISL_17025971,2,South Korea,Anhui,2022-12-19,2023-02-07
EPI_ISL_16294667,EPI_ISL_16977163,5,Singapore,Fujian,2022-12-19,2023-02-07
EPI_ISL_16734456,EPI_ISL_17170922,2,USA,Guangdong,2022-12-16,2023-02-07
EPI_ISL_16428145,EPI_ISL_17170883,2,Japan,Guangdong,2022-12-30,2023-02-07
EPI_ISL_16637179,EPI_ISL_17027419,2,Japan,Tianjin,2023-01-11,2023-02-08
EPI_ISL_16355504,EPI_ISL_16893799,0,Italy,Anhui,2022-12-29,2023-02-08
EPI_ISL_16693116,EPI_ISL_17031858,9,Japan,Hebei,2022-12-23,2023-02-08
EPI_ISL_16900281,EPI_ISL_17072117,3,South Korea,Jiangsu,2023-01-12,2023-02-08
EPI_ISL_16734456,EPI_ISL_17068992,3,USA,Jiangsu,2022-12-16,2023-02-08
EPI_ISL_16506426,EPI_ISL_17493101,1,South Korea,Sichuan,2022-12-27,2023-02-08
EPI_ISL_16415421,EPI_ISL_17281111,2,USA,Henan,2022-12-15,2023-02-09
EPI_ISL_16483088,EPI_ISL_17068976,5,Singapore,Jiangsu,2023-01-02,2023-02-09
EPI_ISL_17581715,EPI_ISL_17170973,1,Hong Kong,Guangdong,2022-12-24,2023-02-09
EPI_ISL_16568841,EPI_ISL_17170945,1,South Korea,Guangdong,2023-01-07,2023-02-09
EPI_ISL_16342183,EPI_ISL_17031866,7,Australia,Hebei,2022-12-19,2023-02-09
EPI_ISL_16349753,EPI_ISL_17072175,2,Denmark,Fujian,2022-12-20,2023-02-09
EPI_ISL_16259494,EPI_ISL_17489310,3,Singapore,Sichuan,2022-12-16,2023-02-10
EPI_ISL_16413619,EPI_ISL_17493229,5,South Korea,Shanxi,2022-12-19,2023-02-10
EPI_ISL_16413619,EPI_ISL_17493227,1,South Korea,Shanxi,2022-12-19,2023-02-10
EPI_ISL_16294667,EPI_ISL_17170913,1,Singapore,Guangdong,2022-12-19,2023-02-10
EPI_ISL_16506426,EPI_ISL_16902575,2,South Korea,Hainan,2022-12-27,2023-02-10
EPI_ISL_16355487,EPI_ISL_16911552,4,Italy,Anhui,2022-12-29,2023-02-10
EPI_ISL_16580305,EPI_ISL_16911558,3,South Africa,Anhui,2023-01-06,2023-02-10
EPI_ISL_16355505,EPI_ISL_17281114,9,Italy,Henan,2022-12-29,2023-02-10
EPI_ISL_16580305,EPI_ISL_18070755,0,South Africa,Shandong,2023-01-06,2023-02-10
EPI_ISL_16588898,EPI_ISL_18070758,3,Japan,Shandong,2022-12-16,2023-02-10
EPI_ISL_16342183,EPI_ISL_17031878,5,Australia,Hebei,2022-12-19,2023-02-10
EPI_ISL_16342183,EPI_ISL_17072141,4,Australia,Jiangsu,2022-12-19,2023-02-10
EPI_ISL_16508434,EPI_ISL_17104698,4,France,Hubei,2022-12-19,2023-02-10
EPI_ISL_16580305,EPI_ISL_17495455,2,South Africa,Jiangxi,2023-01-06,2023-02-11
EPI_ISL_16693116,EPI_ISL_17031890,3,Japan,Hebei,2022-12-23,2023-02-12
EPI_ISL_16294667,EPI_ISL_17170925,5,Singapore,Guangdong,2022-12-19,2023-02-12
EPI_ISL_16523697,EPI_ISL_17495452,2,Australia,Jiangxi,2022-12-27,2023-02-12
EPI_ISL_16506426,EPI_ISL_17494388,1,South Korea,Shaanxi,2022-12-27,2023-02-12
EPI_ISL_16734456,EPI_ISL_17072161,3,USA,Jiangsu,2022-12-16,2023-02-12
EPI_ISL_16506482,EPI_ISL_17027430,9,South Korea,Tianjin,2022-12-28,2023-02-12
EPI_ISL_16259494,EPI_ISL_17492769,3,Singapore,Shaanxi,2022-12-16,2023-02-12
EPI_ISL_16506496,EPI_ISL_17492760,0,South Korea,Shaanxi,2022-12-29,2023-02-12
EPI_ISL_16294667,EPI_ISL_17170920,2,Singapore,Guangdong,2022-12-19,2023-02-12
EPI_ISL_16378865,EPI_ISL_17620416,3,Singapore,Beijing,2022-12-26,2023-02-13
EPI_ISL_16580305,EPI_ISL_17489905,0,South Africa,Guangdong,2023-01-06,2023-02-13
EPI_ISL_16342183,EPI_ISL_17031897,2,Australia,Hebei,2022-12-19,2023-02-13
EPI_ISL_16693116,EPI_ISL_17031900,1,Japan,Hebei,2022-12-23,2023-02-13
EPI_ISL_16294686,EPI_ISL_17492750,3,Singapore,Shaanxi,2022-12-21,2023-02-13
EPI_ISL_16534074,EPI_ISL_17027412,5,Singapore,Tianjin,2023-01-09,2023-02-13
EPI_ISL_16349753,EPI_ISL_17273676,2,Denmark,Yunnan,2022-12-20,2023-02-13
EPI_ISL_16735328,EPI_ISL_17150608,4,Japan,Gansu,2023-01-18,2023-02-13
EPI_ISL_16506517,EPI_ISL_17488535,3,South Korea,Fujian,2023-01-04,2023-02-13
EPI_ISL_16342781,EPI_ISL_17488844,0,Australia,Tianjin,2022-12-19,2023-02-13
EPI_ISL_16431224,EPI_ISL_17104722,3,Italy,Anhui,2023-01-04,2023-02-13
EPI_ISL_16342183,EPI_ISL_17072147,1,Australia,Jiangsu,2022-12-19,2023-02-14
EPI_ISL_16580305,EPI_ISL_17031911,3,South Africa,Hebei,2023-01-06,2023-02-14
EPI_ISL_16693116,EPI_ISL_17031922,1,Japan,Hebei,2022-12-23,2023-02-14
EPI_ISL_16693116,EPI_ISL_17031920,2,Japan,Hebei,2022-12-23,2023-02-14
EPI_ISL_16693116,EPI_ISL_17495261,7,Japan,Tianjin,2022-12-23,2023-02-14
EPI_ISL_16735328,EPI_ISL_17495053,1,Japan,Gansu,2023-01-18,2023-02-14
EPI_ISL_16693116,EPI_ISL_16973024,4,Japan,Anhui,2022-12-23,2023-02-14
EPI_ISL_16693116,EPI_ISL_17493212,4,Japan,Shanxi,2022-12-23,2023-02-15
EPI_ISL_17685189,EPI_ISL_17045271,2,Hong Kong,Hainan,2023-01-07,2023-02-15
EPI_ISL_16508434,EPI_ISL_17039591,3,France,Anhui,2022-12-19,2023-02-15
EPI_ISL_16716040,EPI_ISL_17492743,6,South Korea,Shaanxi,2023-01-14,2023-02-15
EPI_ISL_16693116,EPI_ISL_17031924,2,Japan,Hebei,2022-12-23,2023-02-15
EPI_ISL_16693116,EPI_ISL_17495347,1,Japan,Jiangxi,2022-12-23,2023-02-15
EPI_ISL_16342183,EPI_ISL_17493217,1,Australia,Shanxi,2022-12-19,2023-02-15
EPI_ISL_16699813,EPI_ISL_17489214,4,Germany,Fujian,2023-01-03,2023-02-15
EPI_ISL_16580305,EPI_ISL_17150639,3,South Africa,Gansu,2023-01-06,2023-02-16
EPI_ISL_16580305,EPI_ISL_17501668,2,South Africa,Xinjiang,2023-01-06,2023-02-16
EPI_ISL_16428144,EPI_ISL_17489143,0,Japan,Fujian,2022-12-30,2023-02-16
EPI_ISL_16588898,EPI_ISL_17199717,2,Japan,Heilongjiang,2022-12-16,2023-02-16
EPI_ISL_16413619,EPI_ISL_17045281,2,South Korea,Hainan,2022-12-19,2023-02-16
EPI_ISL_16580305,EPI_ISL_16973418,4,South Africa,Henan,2023-01-06,2023-02-17
EPI_ISL_16506397,EPI_ISL_17072258,4,South Korea,Fujian,2022-12-26,2023-02-17
EPI_ISL_16349753,EPI_ISL_17273687,1,Denmark,Yunnan,2022-12-20,2023-02-17
EPI_ISL_17685210,EPI_ISL_17150643,5,Hong Kong,Gansu,2023-01-11,2023-02-17
EPI_ISL_16413615,EPI_ISL_18070778,1,South Korea,Shandong,2022-12-19,2023-02-17
EPI_ISL_16693116,EPI_ISL_18070775,3,Japan,Shandong,2022-12-23,2023-02-17
EPI_ISL_16413620,EPI_ISL_17485612,1,South Korea,Jiangxi,2022-12-19,2023-02-17
EPI_ISL_16294686,EPI_ISL_17620428,1,Singapore,Beijing,2022-12-21,2023-02-17
EPI_ISL_17067262,EPI_ISL_17620434,2,USA,Beijing,2022-12-31,2023-02-17
EPI_ISL_16580305,EPI_ISL_17493952,2,South Africa,Sichuan,2023-01-06,2023-02-17
EPI_ISL_16693116,EPI_ISL_17072182,3,Japan,Fujian,2022-12-23,2023-02-18
EPI_ISL_16568811,EPI_ISL_17489132,1,South Korea,Fujian,2023-01-06,2023-02-18
EPI_ISL_16259489,EPI_ISL_17104689,1,Singapore,Hubei,2022-12-17,2023-02-18
EPI_ISL_17162795,EPI_ISL_17100867,5,Myanmar,Fujian,2023-01-23,2023-02-18
EPI_ISL_16734456,EPI_ISL_17199737,2,USA,Heilongjiang,2022-12-16,2023-02-18
EPI_ISL_16716040,EPI_ISL_17031954,3,South Korea,Hebei,2023-01-14,2023-02-18
EPI_ISL_16259489,EPI_ISL_17492758,3,Singapore,Shaanxi,2022-12-17,2023-02-18
EPI_ISL_16413615,EPI_ISL_17072298,5,South Korea,Fujian,2022-12-19,2023-02-18
EPI_ISL_16259489,EPI_ISL_17072149,3,Singapore,Jiangsu,2022-12-17,2023-02-18
EPI_ISL_16349753,EPI_ISL_17072240,2,Denmark,Fujian,2022-12-20,2023-02-18
EPI_ISL_16415421,EPI_ISL_17075762,7,USA,Hainan,2022-12-15,2023-02-18
EPI_ISL_16693116,EPI_ISL_17075766,2,Japan,Hainan,2022-12-23,2023-02-18
EPI_ISL_16259489,EPI_ISL_17075771,3,Singapore,Hainan,2022-12-17,2023-02-18
EPI_ISL_17581715,EPI_ISL_17170937,4,Hong Kong,Guangdong,2022-12-24,2023-02-19
EPI_ISL_16294686,EPI_ISL_17072249,2,Singapore,Fujian,2022-12-21,2023-02-19
EPI_ISL_16580305,EPI_ISL_17227602,2,South Africa,Anhui,2023-01-06,2023-02-19
EPI_ISL_16734456,EPI_ISL_17072295,4,USA,Fujian,2022-12-16,2023-02-19
EPI_ISL_16494603,EPI_ISL_17031957,5,Japan,Hebei,2023-01-01,2023-02-19
EPI_ISL_16891951,EPI_ISL_17228019,4,Canada,Liaoning,2022-12-25,2023-02-19
EPI_ISL_16294667,EPI_ISL_17170969,1,Singapore,Guangdong,2022-12-19,2023-02-19
EPI_ISL_16900281,EPI_ISL_17031965,1,South Korea,Hebei,2023-01-12,2023-02-20
EPI_ISL_16494591,EPI_ISL_17104950,2,Japan,Henan,2023-01-01,2023-02-20
EPI_ISL_16294665,EPI_ISL_17031970,3,Singapore,Hebei,2022-12-21,2023-02-20
EPI_ISL_16580305,EPI_ISL_17031973,1,South Africa,Hebei,2023-01-06,2023-02-20
EPI_ISL_16534022,EPI_ISL_17494100,0,Singapore,Sichuan,2023-01-05,2023-02-20
EPI_ISL_16494603,EPI_ISL_17197675,2,Japan,Jiangsu,2023-01-01,2023-02-20
EPI_ISL_16259494,EPI_ISL_17489308,2,Singapore,Sichuan,2022-12-16,2023-02-20
EPI_ISL_16506511,EPI_ISL_17227568,3,South Korea,Henan,2023-01-04,2023-02-20
EPI_ISL_16735328,EPI_ISL_17492797,4,Japan,Anhui,2023-01-18,2023-02-21
EPI_ISL_16693116,EPI_ISL_18330854,1,Japan,Guangxi,2022-12-23,2023-02-21
EPI_ISL_16494591,EPI_ISL_17492782,4,Japan,Shaanxi,2023-01-01,2023-02-21
EPI_ISL_16465905,EPI_ISL_17489198,1,USA,Fujian,2023-01-01,2023-02-21
EPI_ISL_16693116,EPI_ISL_17199831,2,Japan,Heilongjiang,2022-12-23,2023-02-21
EPI_ISL_16902514,EPI_ISL_17584422,6,Hong Kong,Guangdong,2023-02-01,2023-02-21
EPI_ISL_16693116,EPI_ISL_17197697,4,Japan,Jiangsu,2022-12-23,2023-02-21
EPI_ISL_16580305,EPI_ISL_17170983,1,South Africa,Guangdong,2023-01-06,2023-02-21
EPI_ISL_16259494,EPI_ISL_17104793,4,Singapore,Sichuan,2022-12-16,2023-02-21
EPI_ISL_16413619,EPI_ISL_17150193,2,South Korea,Henan,2022-12-19,2023-02-21
EPI_ISL_16413619,EPI_ISL_17031978,2,South Korea,Hebei,2022-12-19,2023-02-21
EPI_ISL_16259489,EPI_ISL_17494256,3,Singapore,Shaanxi,2022-12-17,2023-02-21
EPI_ISL_16580305,EPI_ISL_17199758,4,South Africa,Heilongjiang,2023-01-06,2023-02-21
EPI_ISL_16693116,EPI_ISL_17205849,0,Japan,Henan,2022-12-23,2023-02-21
EPI_ISL_16494591,EPI_ISL_17205851,1,Japan,Henan,2023-01-01,2023-02-21
EPI_ISL_16294670,EPI_ISL_17072159,2,Singapore,Jiangsu,2022-12-19,2023-02-21
EPI_ISL_16580305,EPI_ISL_17487563,1,South Africa,Hubei,2023-01-06,2023-02-22
EPI_ISL_16483091,EPI_ISL_17292402,1,Singapore,Henan,2023-01-02,2023-02-22
EPI_ISL_16506482,EPI_ISL_17104749,1,South Korea,Hainan,2022-12-28,2023-02-22
EPI_ISL_16494630,EPI_ISL_17584456,3,Japan,Guangdong,2023-01-02,2023-02-22
EPI_ISL_16637181,EPI_ISL_17494508,5,Japan,Gansu,2023-01-11,2023-02-22
EPI_ISL_16355504,EPI_ISL_17165308,8,Italy,Henan,2022-12-29,2023-02-22
EPI_ISL_16259489,EPI_ISL_17489035,1,Singapore,Fujian,2022-12-17,2023-02-22
EPI_ISL_16259489,EPI_ISL_17489036,4,Singapore,Fujian,2022-12-17,2023-02-22
EPI_ISL_16506482,EPI_ISL_17104744,6,South Korea,Hainan,2022-12-28,2023-02-22
EPI_ISL_16588898,EPI_ISL_17199766,7,Japan,Heilongjiang,2022-12-16,2023-02-23
EPI_ISL_16568832,EPI_ISL_17197740,6,South Korea,Jiangsu,2023-01-07,2023-02-23
EPI_ISL_16294667,EPI_ISL_17227408,1,Singapore,Henan,2022-12-19,2023-02-23
EPI_ISL_16294686,EPI_ISL_17292403,1,Singapore,Henan,2022-12-21,2023-02-23
EPI_ISL_16355505,EPI_ISL_17104754,7,Italy,Hainan,2022-12-29,2023-02-23
EPI_ISL_16513928,EPI_ISL_17100879,2,South Korea,Fujian,2022-12-24,2023-02-23
EPI_ISL_16734456,EPI_ISL_17493654,2,USA,Shanxi,2022-12-16,2023-02-23
EPI_ISL_16378855,EPI_ISL_17075752,3,Singapore,Qinghai,2022-12-23,2023-02-24
EPI_ISL_16259489,EPI_ISL_18070795,2,Singapore,Shandong,2022-12-17,2023-02-24
EPI_ISL_16693116,EPI_ISL_18070792,3,Japan,Shandong,2022-12-23,2023-02-24
EPI_ISL_16259489,EPI_ISL_18070793,2,Singapore,Shandong,2022-12-17,2023-02-24
EPI_ISL_16507319,EPI_ISL_17501605,1,Czech Republic,Xinjiang,2022-01-10,2023-02-24
EPI_ISL_16693116,EPI_ISL_17501600,5,Japan,Xinjiang,2022-12-23,2023-02-24
EPI_ISL_16413601,EPI_ISL_17273708,4,South Korea,Yunnan,2022-12-18,2023-02-24
EPI_ISL_16349753,EPI_ISL_17165306,2,Denmark,Henan,2022-12-20,2023-02-24
EPI_ISL_16484899,EPI_ISL_17100874,6,United Kingdom,Fujian,2022-12-29,2023-02-24
EPI_ISL_16568841,EPI_ISL_17584396,4,South Korea,Guangdong,2023-01-07,2023-02-24
EPI_ISL_16349753,EPI_ISL_17273679,3,Denmark,Yunnan,2022-12-20,2023-02-24
EPI_ISL_16534074,EPI_ISL_17488856,4,Singapore,Tianjin,2023-01-09,2023-02-24
EPI_ISL_18044058,EPI_ISL_17186808,1,Kuwait,Henan,2023-01-26,2023-02-24
EPI_ISL_16259489,EPI_ISL_17188258,2,Singapore,Hubei,2022-12-17,2023-02-24
EPI_ISL_16294667,EPI_ISL_17227403,1,Singapore,Henan,2022-12-19,2023-02-24
EPI_ISL_16693116,EPI_ISL_17244798,6,Japan,Henan,2022-12-23,2023-02-24
EPI_ISL_16428144,EPI_ISL_17243391,1,Japan,Henan,2022-12-30,2023-02-25
EPI_ISL_16970385,EPI_ISL_17165050,3,Japan,Henan,2023-01-26,2023-02-25
EPI_ISL_16413613,EPI_ISL_17199798,6,South Korea,Heilongjiang,2022-12-19,2023-02-25
EPI_ISL_16413619,EPI_ISL_17273826,2,South Korea,Henan,2022-12-19,2023-02-25
EPI_ISL_16494591,EPI_ISL_17262872,2,Japan,Jiangsu,2023-01-01,2023-02-25
EPI_ISL_16568811,EPI_ISL_17261738,2,South Korea,Guangdong,2023-01-06,2023-02-25
EPI_ISL_16580305,EPI_ISL_17830288,3,South Africa,Gansu,2023-01-06,2023-02-26
EPI_ISL_17536588,EPI_ISL_17199807,4,USA,Heilongjiang,2023-02-25,2023-02-26
EPI_ISL_16698375,EPI_ISL_17494504,1,Japan,Gansu,2022-12-26,2023-02-26
EPI_ISL_16568780,EPI_ISL_17620461,3,South Korea,Beijing,2023-01-05,2023-02-26
EPI_ISL_16294667,EPI_ISL_17584556,2,Singapore,Guangdong,2022-12-19,2023-02-26
EPI_ISL_16534544,EPI_ISL_17164795,2,Singapore,Henan,2022-12-29,2023-02-26
EPI_ISL_16259489,EPI_ISL_17488009,5,Singapore,Zhejiang,2022-12-17,2023-02-27
EPI_ISL_16568834,EPI_ISL_17261686,0,South Korea,Guangdong,2023-01-07,2023-02-27
EPI_ISL_16259494,EPI_ISL_17493640,3,Singapore,Sichuan,2022-12-16,2023-02-27
EPI_ISL_16415421,EPI_ISL_17186593,2,USA,Sichuan,2022-12-15,2023-02-27
EPI_ISL_16259489,EPI_ISL_17488058,1,Singapore,Zhejiang,2022-12-17,2023-02-27
EPI_ISL_16417437,EPI_ISL_17182653,5,USA,Hubei,2022-12-19,2023-02-27
EPI_ISL_16484899,EPI_ISL_18330862,2,United Kingdom,Guangxi,2022-12-29,2023-02-27
EPI_ISL_16580305,EPI_ISL_17494758,5,South Africa,Tianjin,2023-01-06,2023-02-28
EPI_ISL_16352294,EPI_ISL_17205787,6,Singapore,Henan,2022-12-22,2023-02-28
EPI_ISL_16294667,EPI_ISL_18330903,3,Singapore,Guangxi,2022-12-19,2023-02-28
EPI_ISL_16259489,EPI_ISL_17487428,6,Singapore,Hubei,2022-12-17,2023-02-28
EPI_ISL_17581055,EPI_ISL_17584454,3,Hong Kong,Guangdong,2022-12-24,2023-02-28
EPI_ISL_16506426,EPI_ISL_17261717,6,South Korea,Guangdong,2022-12-27,2023-02-28
EPI_ISL_16734456,EPI_ISL_17495298,2,USA,Chongqing,2022-12-16,2023-03-01
EPI_ISL_16294667,EPI_ISL_17495342,2,Singapore,Jiangxi,2022-12-19,2023-03-01
EPI_ISL_16506482,EPI_ISL_17292406,2,South Korea,Henan,2022-12-28,2023-03-01
EPI_ISL_16413619,EPI_ISL_17274493,2,South Korea,Henan,2022-12-19,2023-03-01
EPI_ISL_17581715,EPI_ISL_17494060,4,Hong Kong,Jiangxi,2022-12-24,2023-03-01
EPI_ISL_16294686,EPI_ISL_17489031,2,Singapore,Fujian,2022-12-21,2023-03-01
EPI_ISL_16294667,EPI_ISL_17261978,2,Singapore,Fujian,2022-12-19,2023-03-01
EPI_ISL_16568828,EPI_ISL_17197738,4,South Korea,Jiangsu,2023-01-06,2023-03-01
EPI_ISL_17152368,EPI_ISL_17620388,3,Japan,Beijing,2023-02-19,2023-03-01
EPI_ISL_16580305,EPI_ISL_17231188,4,South Africa,Henan,2023-01-06,2023-03-01
EPI_ISL_16734456,EPI_ISL_17487562,2,USA,Hubei,2022-12-16,2023-03-01
EPI_ISL_16506667,EPI_ISL_17489069,5,South Korea,Fujian,2022-12-23,2023-03-02
EPI_ISL_16355505,EPI_ISL_17273824,1,Italy,Henan,2022-12-29,2023-03-02
EPI_ISL_16902514,EPI_ISL_18070816,1,Hong Kong,Shandong,2023-02-01,2023-03-03
EPI_ISL_16522238,EPI_ISL_17188079,4,Japan,Hainan,2023-01-05,2023-03-03
EPI_ISL_16718507,EPI_ISL_17088882,3,Japan,Anhui,2022-12-29,2023-03-03
EPI_ISL_16691930,EPI_ISL_18330795,4,Japan,Guangxi,2022-12-28,2023-03-03
EPI_ISL_16259489,EPI_ISL_17182640,2,Singapore,Hubei,2022-12-17,2023-03-03
EPI_ISL_16349753,EPI_ISL_17273701,5,Denmark,Yunnan,2022-12-20,2023-03-03
EPI_ISL_16294667,EPI_ISL_17261727,7,Singapore,Guangdong,2022-12-19,2023-03-03
EPI_ISL_16902514,EPI_ISL_17244793,5,Hong Kong,Henan,2023-02-01,2023-03-03
EPI_ISL_16693116,EPI_ISL_17199836,1,Japan,Heilongjiang,2022-12-23,2023-03-03
EPI_ISL_16355504,EPI_ISL_17494009,1,Italy,Anhui,2022-12-29,2023-03-04
EPI_ISL_16294667,EPI_ISL_17547565,2,Singapore,Henan,2022-12-19,2023-03-04
EPI_ISL_16494593,EPI_ISL_17488005,0,Japan,Zhejiang,2023-01-01,2023-03-04
EPI_ISL_16259494,EPI_ISL_17253371,7,Singapore,Sichuan,2022-12-16,2023-03-04
EPI_ISL_16568807,EPI_ISL_17493642,2,South Korea,Sichuan,2023-01-06,2023-03-04
EPI_ISL_16580305,EPI_ISL_17493296,7,South Africa,Yunnan,2023-01-06,2023-03-05
EPI_ISL_16355487,EPI_ISL_17261995,4,Italy,Fujian,2022-12-29,2023-03-05
EPI_ISL_16259489,EPI_ISL_17494923,2,Singapore,Shaanxi,2022-12-17,2023-03-05
EPI_ISL_16342183,EPI_ISL_17494887,4,Australia,Henan,2022-12-19,2023-03-06
EPI_ISL_16506667,EPI_ISL_17545662,5,South Korea,Hubei,2022-12-23,2023-03-06
EPI_ISL_16342183,EPI_ISL_17487170,1,Australia,Hubei,2022-12-19,2023-03-06
EPI_ISL_16588898,EPI_ISL_17199851,2,Japan,Heilongjiang,2022-12-16,2023-03-06
EPI_ISL_16294686,EPI_ISL_17254865,2,Singapore,Hubei,2022-12-21,2023-03-06
EPI_ISL_16415421,EPI_ISL_17493783,5,USA,Shaanxi,2022-12-15,2023-03-06
EPI_ISL_16568853,EPI_ISL_17494063,5,South Korea,Jiangxi,2023-01-07,2023-03-06
EPI_ISL_16413619,EPI_ISL_17488818,2,South Korea,Tianjin,2022-12-19,2023-03-06
EPI_ISL_16415421,EPI_ISL_17563546,1,USA,Henan,2022-12-15,2023-03-06
EPI_ISL_16415421,EPI_ISL_17494254,3,USA,Shaanxi,2022-12-15,2023-03-06
EPI_ISL_16355504,EPI_ISL_17227611,2,Italy,Anhui,2022-12-29,2023-03-06
EPI_ISL_16355504,EPI_ISL_17262859,2,Italy,Jiangsu,2022-12-29,2023-03-06
EPI_ISL_16506426,EPI_ISL_17494255,2,South Korea,Shaanxi,2022-12-27,2023-03-06
EPI_ISL_16693116,EPI_ISL_17488890,1,Japan,Henan,2022-12-23,2023-03-06
EPI_ISL_16693116,EPI_ISL_17488891,0,Japan,Henan,2022-12-23,2023-03-06
EPI_ISL_16588898,EPI_ISL_17199881,1,Japan,Heilongjiang,2022-12-16,2023-03-06
EPI_ISL_16506426,EPI_ISL_17494929,2,South Korea,Shaanxi,2022-12-27,2023-03-06
EPI_ISL_16342183,EPI_ISL_17307369,8,Australia,Jiangsu,2022-12-19,2023-03-06
EPI_ISL_16417437,EPI_ISL_17494473,5,USA,Shaanxi,2022-12-19,2023-03-07
EPI_ISL_16428131,EPI_ISL_17493895,0,Japan,Heilongjiang,2022-12-30,2023-03-07
EPI_ISL_16637179,EPI_ISL_17199883,2,Japan,Heilongjiang,2023-01-11,2023-03-07
EPI_ISL_16506667,EPI_ISL_17262911,1,South Korea,Jiangsu,2022-12-23,2023-03-07
EPI_ISL_16580305,EPI_ISL_17789971,3,South Africa,Neimenggu,2023-01-06,2023-03-07
EPI_ISL_16294667,EPI_ISL_17584457,7,Singapore,Guangdong,2022-12-19,2023-03-07
EPI_ISL_16506511,EPI_ISL_17684212,4,South Korea,Shanxi,2023-01-04,2023-03-07
EPI_ISL_16591600,EPI_ISL_17273437,5,Japan,Anhui,2022-12-20,2023-03-08
EPI_ISL_16523697,EPI_ISL_18330871,1,Australia,Guangxi,2022-12-27,2023-03-08
EPI_ISL_16580305,EPI_ISL_17493878,2,South Africa,Heilongjiang,2023-01-06,2023-03-08
EPI_ISL_16588898,EPI_ISL_17489020,5,Japan,Fujian,2022-12-16,2023-03-08
EPI_ISL_16588898,EPI_ISL_17489019,2,Japan,Fujian,2022-12-16,2023-03-08
EPI_ISL_16580305,EPI_ISL_17490408,4,South Africa,Hebei,2023-01-06,2023-03-08
EPI_ISL_16588898,EPI_ISL_17490406,3,Japan,Hebei,2022-12-16,2023-03-08
EPI_ISL_16259494,EPI_ISL_17493770,3,Singapore,Shaanxi,2022-12-16,2023-03-08
EPI_ISL_16415421,EPI_ISL_17485567,2,USA,Jiangxi,2022-12-15,2023-03-08
EPI_ISL_16259494,EPI_ISL_17253370,6,Singapore,Sichuan,2022-12-16,2023-03-08
EPI_ISL_16259494,EPI_ISL_17494188,2,Singapore,Sichuan,2022-12-16,2023-03-08
EPI_ISL_16349753,EPI_ISL_17493312,1,Denmark,Yunnan,2022-12-20,2023-03-09
EPI_ISL_17162795,EPI_ISL_17493313,2,Myanmar,Yunnan,2023-01-23,2023-03-09
EPI_ISL_16342183,EPI_ISL_18447622,4,Australia,Gansu,2022-12-19,2023-03-09
EPI_ISL_16525284,EPI_ISL_17493388,9,United Kingdom,Liaoning,2022-12-30,2023-03-09
EPI_ISL_16580305,EPI_ISL_17494870,2,South Africa,Jiangxi,2023-01-06,2023-03-09
EPI_ISL_16588898,EPI_ISL_17495367,7,Japan,Liaoning,2022-12-16,2023-03-09
EPI_ISL_16580305,EPI_ISL_17490364,1,South Africa,Hebei,2023-01-06,2023-03-09
EPI_ISL_16891951,EPI_ISL_17495354,2,Canada,Liaoning,2022-12-25,2023-03-09
EPI_ISL_16342781,EPI_ISL_17495244,1,Australia,Tianjin,2022-12-19,2023-03-10
EPI_ISL_16580305,EPI_ISL_18070845,4,South Africa,Shandong,2023-01-06,2023-03-10
EPI_ISL_16568834,EPI_ISL_17584569,6,South Korea,Guangdong,2023-01-07,2023-03-10
EPI_ISL_17581055,EPI_ISL_17493367,0,Hong Kong,Yunnan,2022-12-24,2023-03-10
EPI_ISL_17581698,EPI_ISL_17494496,10,Hong Kong,Guangdong,2022-12-18,2023-03-10
EPI_ISL_16415421,EPI_ISL_17563541,3,USA,Henan,2022-12-15,2023-03-10
EPI_ISL_16415421,EPI_ISL_17563543,3,USA,Henan,2022-12-15,2023-03-10
EPI_ISL_16259489,EPI_ISL_17487948,2,Singapore,Zhejiang,2022-12-17,2023-03-10
EPI_ISL_16413619,EPI_ISL_17487954,3,South Korea,Zhejiang,2022-12-19,2023-03-10
EPI_ISL_16415421,EPI_ISL_17563539,6,USA,Henan,2022-12-15,2023-03-10
EPI_ISL_16693116,EPI_ISL_17620385,2,Japan,Beijing,2022-12-23,2023-03-11
EPI_ISL_16378862,EPI_ISL_17495254,1,Singapore,Tianjin,2022-12-28,2023-03-11
EPI_ISL_16508434,EPI_ISL_17487554,3,France,Hubei,2022-12-19,2023-03-11
EPI_ISL_16342183,EPI_ISL_17262902,1,Australia,Jiangsu,2022-12-19,2023-03-12
EPI_ISL_16259494,EPI_ISL_17494323,1,Singapore,Gansu,2022-12-16,2023-03-12
EPI_ISL_17040886,EPI_ISL_17494647,2,South Korea,Hubei,2023-02-04,2023-03-12
EPI_ISL_16693116,EPI_ISL_17547567,2,Japan,Henan,2022-12-23,2023-03-12
EPI_ISL_16294667,EPI_ISL_18330858,5,Singapore,Guangxi,2022-12-19,2023-03-12
EPI_ISL_16506496,EPI_ISL_17494455,4,South Korea,Shaanxi,2022-12-29,2023-03-13
EPI_ISL_16902514,EPI_ISL_17493254,3,Hong Kong,Yunnan,2023-02-01,2023-03-13
EPI_ISL_16693116,EPI_ISL_17490414,4,Japan,Hebei,2022-12-23,2023-03-13
EPI_ISL_17162795,EPI_ISL_17494366,3,Myanmar,Yunnan,2023-01-23,2023-03-13
EPI_ISL_17162795,EPI_ISL_17493311,1,Myanmar,Yunnan,2023-01-23,2023-03-13
EPI_ISL_17162795,EPI_ISL_17494128,1,Myanmar,Yunnan,2023-01-23,2023-03-13
EPI_ISL_16693116,EPI_ISL_17495398,5,Japan,Henan,2022-12-23,2023-03-13
EPI_ISL_16259494,EPI_ISL_17489285,6,Singapore,Sichuan,2022-12-16,2023-03-13
EPI_ISL_16413616,EPI_ISL_17273706,1,South Korea,Yunnan,2022-12-19,2023-03-13
EPI_ISL_16413619,EPI_ISL_17547603,2,South Korea,Yunnan,2022-12-19,2023-03-13
EPI_ISL_16342183,EPI_ISL_17490401,1,Australia,Hebei,2022-12-19,2023-03-14
EPI_ISL_16716040,EPI_ISL_17493900,1,South Korea,Heilongjiang,2023-01-14,2023-03-14
EPI_ISL_16734456,EPI_ISL_17493898,2,USA,Heilongjiang,2022-12-16,2023-03-14
EPI_ISL_16568834,EPI_ISL_17494953,5,South Korea,Guangdong,2023-01-07,2023-03-14
EPI_ISL_16342183,EPI_ISL_17490358,1,Australia,Hebei,2022-12-19,2023-03-14
EPI_ISL_16506482,EPI_ISL_17490353,5,South Korea,Hebei,2022-12-28,2023-03-14
EPI_ISL_16588898,EPI_ISL_17493907,2,Japan,Heilongjiang,2022-12-16,2023-03-14
EPI_ISL_16506482,EPI_ISL_17494344,4,South Korea,Xinjiang,2022-12-28,2023-03-14
EPI_ISL_16506482,EPI_ISL_17494342,3,South Korea,Xinjiang,2022-12-28,2023-03-14
EPI_ISL_16349753,EPI_ISL_17547601,3,Denmark,Yunnan,2022-12-20,2023-03-14
EPI_ISL_16523697,EPI_ISL_17495468,6,Australia,Jiangxi,2022-12-27,2023-03-15
EPI_ISL_16428144,EPI_ISL_17501745,6,Japan,Hubei,2022-12-30,2023-03-15
EPI_ISL_16342183,EPI_ISL_17490397,4,Australia,Hebei,2022-12-19,2023-03-15
EPI_ISL_16506482,EPI_ISL_17495359,6,South Korea,Liaoning,2022-12-28,2023-03-15
EPI_ISL_16413610,EPI_ISL_17493014,2,South Korea,Jilin,2022-12-19,2023-03-15
EPI_ISL_17162795,EPI_ISL_17493289,1,Myanmar,Yunnan,2023-01-23,2023-03-15
EPI_ISL_16259494,EPI_ISL_17625737,2,Singapore,Gansu,2022-12-16,2023-03-15
EPI_ISL_16952946,EPI_ISL_17490579,1,New Zealand,Hebei,2022-12-23,2023-03-15
EPI_ISL_16506426,EPI_ISL_17487866,2,South Korea,Zhejiang,2022-12-27,2023-03-16
EPI_ISL_16259489,EPI_ISL_17487884,4,Singapore,Zhejiang,2022-12-17,2023-03-16
EPI_ISL_16413619,EPI_ISL_17487883,2,South Korea,Zhejiang,2022-12-19,2023-03-16
EPI_ISL_16591600,EPI_ISL_17545673,2,Japan,Hubei,2022-12-20,2023-03-16
EPI_ISL_16506436,EPI_ISL_17494089,0,South Korea,Jilin,2022-12-27,2023-03-16
EPI_ISL_16506427,EPI_ISL_17789984,2,South Korea,Neimenggu,2022-12-27,2023-03-16
EPI_ISL_16588898,EPI_ISL_17492995,4,Japan,Jilin,2022-12-16,2023-03-16
EPI_ISL_16413610,EPI_ISL_17494182,3,South Korea,Jilin,2022-12-19,2023-03-16
EPI_ISL_16413610,EPI_ISL_17494180,2,South Korea,Jilin,2022-12-19,2023-03-16
EPI_ISL_16693116,EPI_ISL_17501703,5,Japan,Xinjiang,2022-12-23,2023-03-16
EPI_ISL_16568841,EPI_ISL_17493613,7,South Korea,Guangxi,2023-01-07,2023-03-17
EPI_ISL_16494591,EPI_ISL_17489706,5,Japan,Fujian,2023-01-01,2023-03-17
EPI_ISL_16294711,EPI_ISL_17489384,6,Singapore,Shanghai,2022-12-21,2023-03-17
EPI_ISL_16588898,EPI_ISL_17489431,1,Japan,Liaoning,2022-12-16,2023-03-17
EPI_ISL_16506436,EPI_ISL_17493000,2,South Korea,Jilin,2022-12-27,2023-03-17
EPI_ISL_16891951,EPI_ISL_17494565,6,Canada,Jilin,2022-12-25,2023-03-17
EPI_ISL_16842531,EPI_ISL_17492968,11,Japan,Jilin,2023-01-13,2023-03-17
EPI_ISL_16587980,EPI_ISL_17492975,3,Germany,Jilin,2022-12-20,2023-03-17
EPI_ISL_16716040,EPI_ISL_17489327,4,South Korea,Jiangxi,2023-01-14,2023-03-17
EPI_ISL_16294711,EPI_ISL_17785542,3,Singapore,Neimenggu,2022-12-21,2023-03-17
EPI_ISL_16506482,EPI_ISL_17489254,4,South Korea,Sichuan,2022-12-28,2023-03-17
EPI_ISL_16588898,EPI_ISL_17493872,3,Japan,Heilongjiang,2022-12-16,2023-03-17
EPI_ISL_16506482,EPI_ISL_17490393,2,South Korea,Hebei,2022-12-28,2023-03-18
EPI_ISL_16355504,EPI_ISL_17501744,8,Italy,Hubei,2022-12-29,2023-03-18
EPI_ISL_16568846,EPI_ISL_17492636,6,South Korea,Fujian,2023-01-07,2023-03-18
EPI_ISL_16568832,EPI_ISL_17536851,0,South Korea,Henan,2023-01-07,2023-03-18
EPI_ISL_16483091,EPI_ISL_17536852,1,Singapore,Henan,2023-01-02,2023-03-18
EPI_ISL_16588898,EPI_ISL_17493005,2,Japan,Jilin,2022-12-16,2023-03-18
EPI_ISL_16637179,EPI_ISL_17494054,3,Japan,Jiangsu,2023-01-11,2023-03-18
EPI_ISL_16342183,EPI_ISL_17492998,7,Australia,Jilin,2022-12-19,2023-03-18
EPI_ISL_16494621,EPI_ISL_17307361,3,Japan,Jiangsu,2023-01-01,2023-03-19
EPI_ISL_16413619,EPI_ISL_17493757,2,South Korea,Shaanxi,2022-12-19,2023-03-19
EPI_ISL_16413619,EPI_ISL_17684307,2,South Korea,Jiangsu,2022-12-19,2023-03-19
EPI_ISL_16716040,EPI_ISL_17501627,2,South Korea,Xinjiang,2023-01-14,2023-03-19
EPI_ISL_16693116,EPI_ISL_17495333,9,Japan,Jiangxi,2022-12-23,2023-03-19
EPI_ISL_16588898,EPI_ISL_17492988,3,Japan,Jilin,2022-12-16,2023-03-19
EPI_ISL_16413620,EPI_ISL_17494032,3,South Korea,Jiangsu,2022-12-19,2023-03-20
EPI_ISL_16413637,EPI_ISL_17584602,8,South Korea,Guangdong,2022-12-21,2023-03-20
EPI_ISL_16588898,EPI_ISL_17492956,2,Japan,Jilin,2022-12-16,2023-03-20
EPI_ISL_16580305,EPI_ISL_17684302,3,South Africa,Jiangsu,2023-01-06,2023-03-20
EPI_ISL_16580305,EPI_ISL_17490348,3,South Africa,Hebei,2023-01-06,2023-03-20
EPI_ISL_16506482,EPI_ISL_17490392,5,South Korea,Hebei,2022-12-28,2023-03-20
EPI_ISL_16693116,EPI_ISL_17490351,5,Japan,Hebei,2022-12-23,2023-03-20
EPI_ISL_17581715,EPI_ISL_17494285,3,Hong Kong,Jiangxi,2022-12-24,2023-03-20
EPI_ISL_16718507,EPI_ISL_17487851,5,Japan,Zhejiang,2022-12-29,2023-03-21
EPI_ISL_16294667,EPI_ISL_17547566,2,Singapore,Henan,2022-12-19,2023-03-21
EPI_ISL_16294665,EPI_ISL_17785513,3,Singapore,Neimenggu,2022-12-21,2023-03-21
EPI_ISL_16506427,EPI_ISL_17789981,5,South Korea,Neimenggu,2022-12-27,2023-03-21
EPI_ISL_18044058,EPI_ISL_17488793,2,Kuwait,Tianjin,2023-01-26,2023-03-21
EPI_ISL_16452378,EPI_ISL_17592212,3,Canada,Beijing,2022-12-29,2023-03-21
EPI_ISL_16259489,EPI_ISL_17490391,1,Singapore,Hebei,2022-12-17,2023-03-21
EPI_ISL_16428144,EPI_ISL_17492670,1,Japan,Hubei,2022-12-30,2023-03-21
EPI_ISL_16294667,EPI_ISL_17487024,2,Singapore,Hunan,2022-12-19,2023-03-22
EPI_ISL_16506660,EPI_ISL_17485706,3,South Korea,Shanghai,2022-12-23,2023-03-22
EPI_ISL_16349753,EPI_ISL_17485770,2,Denmark,Yunnan,2022-12-20,2023-03-22
EPI_ISL_16953635,EPI_ISL_17490387,2,New Zealand,Hebei,2023-01-03,2023-03-22
EPI_ISL_16294667,EPI_ISL_17495466,3,Singapore,Jiangxi,2022-12-19,2023-03-22
EPI_ISL_16718507,EPI_ISL_17547612,1,Japan,Yunnan,2022-12-29,2023-03-22
EPI_ISL_18044058,EPI_ISL_17494174,1,Kuwait,Heilongjiang,2023-01-26,2023-03-23
EPI_ISL_16580305,EPI_ISL_17514257,2,South Africa,Xinjiang,2023-01-06,2023-03-23
EPI_ISL_16415421,EPI_ISL_17489728,1,USA,Fujian,2022-12-15,2023-03-23
EPI_ISL_16716040,EPI_ISL_17563605,11,South Korea,Xinjiang,2023-01-14,2023-03-23
EPI_ISL_16413613,EPI_ISL_17490379,3,South Korea,Hebei,2022-12-19,2023-03-24
EPI_ISL_17581715,EPI_ISL_17489331,8,Hong Kong,Jiangxi,2022-12-24,2023-03-24
EPI_ISL_16413629,EPI_ISL_17584601,4,South Korea,Guangdong,2022-12-20,2023-03-24
EPI_ISL_16342183,EPI_ISL_17545695,3,Australia,Henan,2022-12-19,2023-03-24
EPI_ISL_16355504,EPI_ISL_17485552,1,Italy,Fujian,2022-12-29,2023-03-25
EPI_ISL_16900281,EPI_ISL_17785531,2,South Korea,Neimenggu,2023-01-12,2023-03-25
EPI_ISL_16413619,EPI_ISL_17493569,3,South Korea,Zhejiang,2022-12-19,2023-03-25
EPI_ISL_16534544,EPI_ISL_17488919,4,Singapore,Shanghai,2022-12-29,2023-03-26
EPI_ISL_16693116,EPI_ISL_17492721,3,Japan,Heilongjiang,2022-12-23,2023-03-27
EPI_ISL_16580305,EPI_ISL_17492722,3,South Africa,Heilongjiang,2023-01-06,2023-03-27
EPI_ISL_16580305,EPI_ISL_17493161,1,South Africa,Shanghai,2023-01-06,2023-03-27
EPI_ISL_16352286,EPI_ISL_17493160,6,Singapore,Shanghai,2022-12-23,2023-03-27
EPI_ISL_16506664,EPI_ISL_17493584,2,South Korea,Zhejiang,2022-12-23,2023-03-27
EPI_ISL_16506436,EPI_ISL_17684287,9,South Korea,Jiangsu,2022-12-27,2023-03-27
EPI_ISL_16900281,EPI_ISL_17789947,3,South Korea,Neimenggu,2023-01-12,2023-03-27
EPI_ISL_16693116,EPI_ISL_17493566,3,Japan,Zhejiang,2022-12-23,2023-03-28
EPI_ISL_16342183,EPI_ISL_17505678,6,Australia,Shanxi,2022-12-19,2023-03-28
EPI_ISL_16342183,EPI_ISL_17492694,4,Australia,Heilongjiang,2022-12-19,2023-03-28
EPI_ISL_16580305,EPI_ISL_17545676,1,South Africa,Henan,2023-01-06,2023-03-28
EPI_ISL_16693116,EPI_ISL_17505670,8,Japan,Shanxi,2022-12-23,2023-03-29
EPI_ISL_16902514,EPI_ISL_17492676,5,Hong Kong,Hubei,2023-02-01,2023-03-29
EPI_ISL_16342183,EPI_ISL_17784894,2,Australia,Beijing,2022-12-19,2023-03-29
EPI_ISL_16494593,EPI_ISL_17493624,1,Japan,Heilongjiang,2023-01-01,2023-03-29
EPI_ISL_16259489,EPI_ISL_17816998,1,Singapore,Henan,2022-12-17,2023-03-29
EPI_ISL_16716034,EPI_ISL_17492690,2,South Korea,Heilongjiang,2023-01-13,2023-03-29
EPI_ISL_16588898,EPI_ISL_17516767,2,Japan,Heilongjiang,2022-12-16,2023-03-29
EPI_ISL_16355504,EPI_ISL_17494843,5,Italy,Zhejiang,2022-12-29,2023-03-29
EPI_ISL_16413619,EPI_ISL_17485725,1,South Korea,Liaoning,2022-12-19,2023-03-29
EPI_ISL_16449768,EPI_ISL_17494841,8,USA,Zhejiang,2022-12-27,2023-03-29
EPI_ISL_16697949,EPI_ISL_17516815,1,Japan,Heilongjiang,2022-12-28,2023-03-30
EPI_ISL_16506436,EPI_ISL_17488800,3,South Korea,Tianjin,2022-12-27,2023-03-30
EPI_ISL_16588898,EPI_ISL_17516768,1,Japan,Heilongjiang,2022-12-16,2023-03-30
EPI_ISL_16294686,EPI_ISL_17485673,6,Singapore,Shanghai,2022-12-21,2023-03-31
EPI_ISL_16580305,EPI_ISL_17501528,3,South Africa,Zhejiang,2023-01-06,2023-03-31
EPI_ISL_16580305,EPI_ISL_17485693,4,South Africa,Shanghai,2023-01-06,2023-03-31
EPI_ISL_16294711,EPI_ISL_17511849,3,Singapore,Shanghai,2022-12-21,2023-04-01
EPI_ISL_16693116,EPI_ISL_17765818,7,Japan,Anhui,2022-12-23,2023-04-01
EPI_ISL_16352294,EPI_ISL_17765779,4,Singapore,Anhui,2022-12-22,2023-04-01
EPI_ISL_16406300,EPI_ISL_17765780,2,United Kingdom,Anhui,2022-12-26,2023-04-01
EPI_ISL_16693116,EPI_ISL_17765796,10,Japan,Anhui,2022-12-23,2023-04-01
EPI_ISL_16693116,EPI_ISL_17765791,7,Japan,Anhui,2022-12-23,2023-04-01
EPI_ISL_16506482,EPI_ISL_17505716,1,South Korea,Yunnan,2022-12-28,2023-04-02
EPI_ISL_16716040,EPI_ISL_17511753,3,South Korea,Xinjiang,2023-01-14,2023-04-02
EPI_ISL_16342183,EPI_ISL_17545667,2,Australia,Henan,2022-12-19,2023-04-02
EPI_ISL_16342183,EPI_ISL_17505622,2,Australia,Jiangsu,2022-12-19,2023-04-03
EPI_ISL_16506667,EPI_ISL_17485681,2,South Korea,Shanghai,2022-12-23,2023-04-03
EPI_ISL_16504748,EPI_ISL_17794336,4,Malaysia,Jiangxi,2022-12-28,2023-04-03
EPI_ISL_16413620,EPI_ISL_17816999,6,South Korea,Henan,2022-12-19,2023-04-03
EPI_ISL_16580305,EPI_ISL_17516762,4,South Africa,Liaoning,2023-01-06,2023-04-03
EPI_ISL_16580305,EPI_ISL_17495383,2,South Africa,Zhejiang,2023-01-06,2023-04-03
EPI_ISL_16406300,EPI_ISL_17516755,5,United Kingdom,Liaoning,2022-12-26,2023-04-04
EPI_ISL_16506660,EPI_ISL_17485745,1,South Korea,Hubei,2022-12-23,2023-04-04
EPI_ISL_16735328,EPI_ISL_17684225,2,Japan,Shanxi,2023-01-18,2023-04-05
EPI_ISL_16588898,EPI_ISL_17516823,0,Japan,Heilongjiang,2022-12-16,2023-04-06
EPI_ISL_16588898,EPI_ISL_17516824,1,Japan,Heilongjiang,2022-12-16,2023-04-06
EPI_ISL_16355504,EPI_ISL_17501533,2,Italy,Zhejiang,2022-12-29,2023-04-06
EPI_ISL_16693116,EPI_ISL_17618611,6,Japan,Shanghai,2022-12-23,2023-04-06
EPI_ISL_16413619,EPI_ISL_17830300,2,South Korea,Gansu,2022-12-19,2023-04-06
EPI_ISL_16355504,EPI_ISL_17516930,3,Italy,Zhejiang,2022-12-29,2023-04-06
EPI_ISL_16580305,EPI_ISL_17784938,3,South Africa,Beijing,2023-01-06,2023-04-06
EPI_ISL_16506426,EPI_ISL_17501543,3,South Korea,Zhejiang,2022-12-27,2023-04-07
EPI_ISL_16580305,EPI_ISL_17488898,1,South Africa,Sichuan,2023-01-06,2023-04-07
EPI_ISL_16693116,EPI_ISL_17775693,4,Japan,Xinjiang,2022-12-23,2023-04-07
EPI_ISL_16415421,EPI_ISL_17547534,3,USA,Fujian,2022-12-15,2023-04-08
EPI_ISL_16355504,EPI_ISL_17516926,2,Italy,Zhejiang,2022-12-29,2023-04-08
EPI_ISL_16494591,EPI_ISL_17516861,2,Japan,Heilongjiang,2023-01-01,2023-04-09
EPI_ISL_17385119,EPI_ISL_17516856,6,South Africa,Heilongjiang,2023-02-07,2023-04-09
EPI_ISL_16506436,EPI_ISL_17784987,4,South Korea,Beijing,2022-12-27,2023-04-09
EPI_ISL_16693116,EPI_ISL_17516885,2,Japan,Heilongjiang,2022-12-23,2023-04-10
EPI_ISL_16588898,EPI_ISL_17516854,2,Japan,Heilongjiang,2022-12-16,2023-04-10
EPI_ISL_16413610,EPI_ISL_17511885,4,South Korea,Shanghai,2022-12-19,2023-04-10
EPI_ISL_16588898,EPI_ISL_17501462,4,Japan,Hubei,2022-12-16,2023-04-10
EPI_ISL_16413619,EPI_ISL_17785014,5,South Korea,Beijing,2022-12-19,2023-04-11
EPI_ISL_16568811,EPI_ISL_17816992,3,South Korea,Henan,2023-01-06,2023-04-11
EPI_ISL_17548920,EPI_ISL_17516870,4,United Kingdom,Heilongjiang,2023-04-11,2023-04-11
EPI_ISL_17162795,EPI_ISL_17547593,5,Myanmar,Yunnan,2023-01-23,2023-04-12
EPI_ISL_16506436,EPI_ISL_17547590,2,South Korea,Yunnan,2022-12-27,2023-04-12
EPI_ISL_16568832,EPI_ISL_17785041,4,South Korea,Beijing,2023-01-07,2023-04-12
EPI_ISL_16506482,EPI_ISL_17536880,7,South Korea,Sichuan,2022-12-28,2023-04-13
EPI_ISL_16900281,EPI_ISL_17785034,6,South Korea,Beijing,2023-01-12,2023-04-13
EPI_ISL_16580305,EPI_ISL_17783621,6,South Africa,Henan,2023-01-06,2023-04-13
EPI_ISL_16513928,EPI_ISL_17689412,2,South Korea,Fujian,2022-12-24,2023-04-14
EPI_ISL_16413620,EPI_ISL_17547594,3,South Korea,Yunnan,2022-12-19,2023-04-14
EPI_ISL_16999693,EPI_ISL_17785057,5,USA,Beijing,2022-12-23,2023-04-14
EPI_ISL_16891951,EPI_ISL_17652369,2,Canada,Liaoning,2022-12-25,2023-04-14
EPI_ISL_16413610,EPI_ISL_17652370,5,South Korea,Liaoning,2022-12-19,2023-04-14
EPI_ISL_16588898,EPI_ISL_17645531,2,Japan,Heilongjiang,2022-12-16,2023-04-16
EPI_ISL_16758915,EPI_ISL_17618566,4,South Korea,Shanghai,2023-01-05,2023-04-17
EPI_ISL_16691930,EPI_ISL_17698066,2,Japan,Guangdong,2022-12-28,2023-04-17
EPI_ISL_16294686,EPI_ISL_17547632,3,Singapore,Yunnan,2022-12-21,2023-04-17
EPI_ISL_16349753,EPI_ISL_17684058,2,Denmark,Yunnan,2022-12-20,2023-04-17
EPI_ISL_16342183,EPI_ISL_17645571,2,Australia,Heilongjiang,2022-12-19,2023-04-18
EPI_ISL_16506482,EPI_ISL_17618620,2,South Korea,Shanghai,2022-12-28,2023-04-18
EPI_ISL_16508434,EPI_ISL_17618624,1,France,Shanghai,2022-12-19,2023-04-18
EPI_ISL_17581055,EPI_ISL_17584686,6,Hong Kong,Guangdong,2022-12-24,2023-04-18
EPI_ISL_16506667,EPI_ISL_17584669,3,South Korea,Guangdong,2022-12-23,2023-04-18
EPI_ISL_16568811,EPI_ISL_17584646,8,South Korea,Guangdong,2023-01-06,2023-04-18
EPI_ISL_16576343,EPI_ISL_17637410,10,France,Jiangsu,2022-12-30,2023-04-18
EPI_ISL_16355505,EPI_ISL_17547630,6,Italy,Yunnan,2022-12-29,2023-04-18
EPI_ISL_16506667,EPI_ISL_17632974,7,South Korea,Sichuan,2022-12-23,2023-04-19
EPI_ISL_16506427,EPI_ISL_17785055,3,South Korea,Beijing,2022-12-27,2023-04-19
EPI_ISL_16378855,EPI_ISL_18447563,7,Singapore,Gansu,2022-12-23,2023-04-20
EPI_ISL_16428131,EPI_ISL_17785087,4,Japan,Beijing,2022-12-30,2023-04-20
EPI_ISL_16580305,EPI_ISL_17625434,5,South Africa,Shanghai,2023-01-06,2023-04-21
EPI_ISL_17345001,EPI_ISL_17625633,4,Germany,Shanghai,2022-12-19,2023-04-21
EPI_ISL_16588898,EPI_ISL_17618815,4,Japan,Shanghai,2022-12-16,2023-04-21
EPI_ISL_16758909,EPI_ISL_17615024,6,South Korea,Hubei,2023-01-05,2023-04-23
EPI_ISL_16483089,EPI_ISL_17645618,4,Singapore,Heilongjiang,2023-01-04,2023-04-24
EPI_ISL_16406300,EPI_ISL_17785165,2,United Kingdom,Beijing,2022-12-26,2023-04-25
EPI_ISL_16693116,EPI_ISL_17619052,4,Japan,Shanghai,2022-12-23,2023-04-26
EPI_ISL_16413610,EPI_ISL_17836231,10,South Korea,Xinjiang,2022-12-19,2023-04-27
EPI_ISL_16588898,EPI_ISL_18009772,1,Japan,Beijing,2022-12-16,2023-05-01
EPI_ISL_16693116,EPI_ISL_17645955,10,Japan,Shanghai,2022-12-23,2023-05-01
EPI_ISL_16549253,EPI_ISL_17645659,2,India,Heilongjiang,2022-12-27,2023-05-03
EPI_ISL_16349753,EPI_ISL_17714397,5,Denmark,Yunnan,2022-12-20,2023-05-03
EPI_ISL_17162795,EPI_ISL_17683971,2,Myanmar,Yunnan,2023-01-23,2023-05-05
EPI_ISL_16580305,EPI_ISL_17850630,5,South Africa,Liaoning,2023-01-06,2023-05-05
EPI_ISL_16259494,EPI_ISL_17698210,7,Singapore,Guangdong,2022-12-16,2023-05-05
EPI_ISL_16342183,EPI_ISL_17739659,2,Australia,Heilongjiang,2022-12-19,2023-05-08
EPI_ISL_17604826,EPI_ISL_17739747,2,South Korea,Heilongjiang,2023-04-14,2023-05-09
EPI_ISL_17605336,EPI_ISL_17739799,2,South Korea,Heilongjiang,2023-04-23,2023-05-09
EPI_ISL_16342183,EPI_ISL_17739856,3,Australia,Heilongjiang,2022-12-19,2023-05-09
EPI_ISL_16508434,EPI_ISL_17704009,2,France,Fujian,2022-12-19,2023-05-11
EPI_ISL_16697949,EPI_ISL_17697988,4,Japan,Guangdong,2022-12-28,2023-05-11
EPI_ISL_16693116,EPI_ISL_17744691,5,Japan,Yunnan,2022-12-23,2023-05-15
EPI_ISL_16294667,EPI_ISL_18034637,1,Singapore,Guangdong,2022-12-19,2023-05-15
EPI_ISL_16588898,EPI_ISL_17770293,4,Japan,Shanghai,2022-12-16,2023-05-16
EPI_ISL_16506511,EPI_ISL_17988936,3,South Korea,Sichuan,2023-01-04,2023-06-12
EPI_ISL_16506667,EPI_ISL_17837025,9,South Korea,Hubei,2022-12-23,2023-06-20
EPI_ISL_16900281,EPI_ISL_18495303,6,South Korea,Shanxi,2023-01-12,2023-07-18
