Accession ID,Virus name,Collection date,country,Province,Pango lineage,Variant,clade,partiallyAliased,clade_display,Omicron sublineages
EPI_ISL_17998940,hCoV-19/Xinjiang/XJCDCBOZ-66/2023,2023-06-06,China,Xinjiang,HK.1,VOI GRA (EG.5+EG.5.*) first detected in Indonesia/France,23F,XBB.1.9.2.5.1.1.1,23F (EG.5.1),HK
EPI_ISL_17850433,hCoV-19/Heilongjiang/HLJCDC-1551/2023,2023-06-12,China,Heilongjiang,HK.1,VOI GRA (EG.5+EG.5.*) first detected in Indonesia/France,23F,XBB.1.9.2.5.1.1.1,23F (EG.5.1),HK
EPI_ISL_18074440,hCoV-19/Shanghai/SCDC-HP-XG-0617-2/2023,2023-06-17,China,Shanghai,HK.3,VOI GRA (EG.5+EG.5.*) first detected in Indonesia/France,23H,XBB.1.9.2.5.1.1.3,23H (HK.3),HK
EPI_ISL_17956697,hCoV-19/Tianjn/TJCDC0630-19/2023,2023-06-19,China,Tianjin,HK.1,VOI GRA (EG.5+EG.5.*) first detected in Indonesia/France,23F,XBB.1.9.2.5.1.1,23F (EG.5.1),HK
EPI_ISL_17956737,hCoV-19/Tianjn/TJCDC0630-9/2023,2023-06-19,China,Tianjin,HK.1,VOI GRA (EG.5+EG.5.*) first detected in Indonesia/France,23F,XBB.1.9.2.5.1.1,23F (EG.5.1),HK
EPI_ISL_18036687,hCoV-19/Guangdong/GDCDC_SZHG_2177/2023,2023-06-25,China,Guangdong,HK.3,VOI GRA (EG.5+EG.5.*) first detected in Indonesia/France,23H,XBB.1.9.2.5.1.1.3,23H (HK.3),HK
EPI_ISL_18108738,hCoV-19/Xinjiang/XJCDCCJ-176/2023,2023-06-26,China,Xinjiang,HK.1,VOI GRA (EG.5+EG.5.*) first detected in Indonesia/France,23F,XBB.1.9.2.5.1.1,23F (EG.5.1),HK
EPI_ISL_18108737,hCoV-19/Xinjiang/XJCDCCJ-175/2023,2023-06-27,China,Xinjiang,HK.1,VOI GRA (EG.5+EG.5.*) first detected in Indonesia/France,23F,XBB.1.9.2.5.1.1,23F (EG.5.1),HK
EPI_ISL_18105907,hCoV-19/Jiangsu/SZCDC718/2023,2023-06-27,China,Jiangsu,HK.4,VOI GRA (EG.5+EG.5.*) first detected in Indonesia/France,23F,XBB.1.9.2.5.1.1.4,23F (EG.5.1),HK
EPI_ISL_18105967,hCoV-19/Jiangsu/YZCDC313/2023,2023-06-27,China,Jiangsu,HK.1,VOI GRA (EG.5+EG.5.*) first detected in Indonesia/France,23F,XBB.1.9.2.5.1.1.1,23F (EG.5.1),HK
EPI_ISL_18033908,hCoV-19/Guangdong/GDCDC_GZ_0583/2023,2023-06-29,China,Guangdong,HK.1,VOI GRA (EG.5+EG.5.*) first detected in Indonesia/France,23F,XBB.1.9.2.5.1.1.1,23F (EG.5.1),HK
EPI_ISL_18138308,hCoV-19/Shanxi/JCCDC-JCCX0325/2023,2023-07-03,China,Shanxi,HK.2,VOI GRA (EG.5+EG.5.*) first detected in Indonesia/France,23F,XBB.1.9.2.5.1.1.28,23F (EG.5.1),HK
EPI_ISL_18108769,hCoV-19/Xinjiang/XJCDCHT_081/2023,2023-07-07,China,Xinjiang,HK.1,VOI GRA (EG.5+EG.5.*) first detected in Indonesia/France,23F,XBB.1.9.2.5.1.1,23F (EG.5.1),HK
EPI_ISL_18055731,hCoV-19/Heilongjiang/HLJCDC-1823/2023,2023-07-07,China,Heilongjiang,HK.4,VOI GRA (EG.5+EG.5.*) first detected in Indonesia/France,23F,XBB.1.9.2.5.1.1.4,23F (EG.5.1),HK
EPI_ISL_18049839,hCoV-19/Qinghai/QHCDC-HNZYY-139/2023,2023-07-10,China,Qinghai,HK.7,VOI GRA (EG.5+EG.5.*) first detected in Indonesia/France,23F,XBB.1.9.2.5.1.1.7,23F (EG.5.1),HK
EPI_ISL_18105901,hCoV-19/Jiangsu/NTCDC163/2023,2023-07-10,China,Jiangsu,HK.3,VOI GRA (EG.5+EG.5.*) first detected in Indonesia/France,23H,XBB.1.9.2.5.1.1.3,23H (HK.3),HK
EPI_ISL_18049850,hCoV-19/Qinghai/QHCDC-QHS4Y-288/2023,2023-07-16,China,Qinghai,HK.3,VOI GRA (EG.5+EG.5.*) first detected in Indonesia/France,23H,XBB.1.9.2.5.1.1.3,23H (HK.3),HK
EPI_ISL_18116287,hCoV-19/Liaoning/LNCDC-275-2/2023,2023-07-18,China,Liaoning,HK.3,VOI GRA (EG.5+EG.5.*) first detected in Indonesia/France,23H,XBB.1.9.2.5.1.1.3,23H (HK.3),HK
EPI_ISL_18208659,hCoV-19/Henan/ZMDCDC-220/2023,2023-07-21,China,Henan,HK.3,VOI GRA (EG.5+EG.5.*) first detected in Indonesia/France,23H,XBB.1.9.2.5.1.1.3,23H (HK.3),HK
EPI_ISL_18108457,hCoV-19/Shanghai/SCDC-MH080302/2023,2023-07-30,China,Shanghai,HK.4,VOI GRA (EG.5+EG.5.*) first detected in Indonesia/France,23F,XBB.1.9.2.5.1.1.4,23F (EG.5.1),HK
EPI_ISL_18292655,hCoV-19/Anhui/HSCDC-89/2023,2023-07-31,China,Anhui,HK.4,VOI GRA (EG.5+EG.5.*) first detected in Indonesia/France,23F,XBB.1.9.2.5.1.1.4,23F (EG.5.1),HK
EPI_ISL_18078201,hCoV-19/Qinghai/QHCDC-HB2Y-145/2023,2023-07-31,China,Qinghai,HK.1,VOI GRA (EG.5+EG.5.*) first detected in Indonesia/France,23F,XBB.1.9.2.5.1.1.1,23F (EG.5.1),HK
EPI_ISL_18078162,hCoV-19/Fujian/FCDC-LYCX145/2023,2023-07-31,China,Fujian,HK.3,VOI GRA (EG.5+EG.5.*) first detected in Indonesia/France,23H,XBB.1.9.2.5.1.1.3,23H (HK.3),HK
EPI_ISL_18261457,hCoV-19/Henan/LHCDC-0244/2023,2023-08-01,China,Henan,HK.3,VOI GRA (EG.5+EG.5.*) first detected in Indonesia/France,23H,XBB.1.9.2.5.1.1.3,23H (HK.3),HK
EPI_ISL_18495751,hCoV-19/Gansu/QYCDC-818/2023,2023-08-01,China,Gansu,HK.1,VOI GRA (EG.5+EG.5.*) first detected in Indonesia/France,23F,XBB.1.9.2.5.1.1,23F (EG.5.1),HK
EPI_ISL_18232515,hCoV-19/Shanghai/SCDC-FX0804-001/2023,2023-08-01,China,Shanghai,HK.3,VOI GRA (EG.5+EG.5.*) first detected in Indonesia/France,23H,XBB.1.9.2.5.1.1.3,23H (HK.3),HK
EPI_ISL_18166234,hCoV-19/Yunnan/YNCDC-2364/2023,2023-08-02,China,Yunnan,HK.3,VOI GRA (EG.5+EG.5.*) first detected in Indonesia/France,23H,XBB.1.9.2.5.1.1.3,23H (HK.3),HK
EPI_ISL_18078266,hCoV-19/Hubei/HCDC-JZ2417/2023,2023-08-03,China,Hubei,HK.3.1,VOI GRA (EG.5+EG.5.*) first detected in Indonesia/France,23H,XBB.1.9.2.5.1.1.3.1,23H (HK.3),HK
EPI_ISL_18111171,hCoV-19/Yunnan/YNCDC-2172/2023,2023-08-04,China,Yunnan,HK.3,VOI GRA (EG.5+EG.5.*) first detected in Indonesia/France,23H,XBB.1.9.2.5.1.1.3,23H (HK.3),HK
EPI_ISL_18133936,hCoV-19/Qinghai/QHCDC-HB2Y-148/2023,2023-08-05,China,Qinghai,HK.1,VOI GRA (EG.5+EG.5.*) first detected in Indonesia/France,23F,XBB.1.9.2.5.1.1.1,23F (EG.5.1),HK
EPI_ISL_18246223,hCoV-19/Liaoning/LNCDC-305-1/2023,2023-08-07,China,Liaoning,HK.4,VOI GRA (EG.5+EG.5.*) first detected in Indonesia/France,23F,XBB.1.9.2.5.1.1.4,23F (EG.5.1),HK
EPI_ISL_18324098,hCoV-19/Xinjiang/XJCDCKZ_113/2023,2023-08-07,China,Xinjiang,HK.1,VOI GRA (EG.5+EG.5.*) first detected in Indonesia/France,23F,XBB.1.9.2.5.1.1.1,23F (EG.5.1),HK
EPI_ISL_18246231,hCoV-19/Liaoning/LNCDC-305-6/2023,2023-08-08,China,Liaoning,HK.4,VOI GRA (EG.5+EG.5.*) first detected in Indonesia/France,23F,XBB.1.9.2.5.1.1.4,23F (EG.5.1),HK
EPI_ISL_18245903,hCoV-19/Heilongjiang/HLJCDC-2074/2023,2023-08-08,China,Heilongjiang,HK.3,VOI GRA (EG.5+EG.5.*) first detected in Indonesia/France,23H,XBB.1.9.2.5.1.1.3,23H (HK.3),HK
EPI_ISL_18114766,hCoV-19/Shanghai/SCDC-XH33_S33/2023,2023-08-09,China,Shanghai,HK.3,VOI GRA (EG.5+EG.5.*) first detected in Indonesia/France,23H,XBB.1.9.2.5.1.1.3.9,23H (HK.3),HK
EPI_ISL_18268191,hCoV-19/Liaoning/LNCDC-319-5/2023,2023-08-10,China,Liaoning,HK.1,VOI GRA (EG.5+EG.5.*) first detected in Indonesia/France,23F,XBB.1.9.2.5.1.1,23F (EG.5.1),HK
EPI_ISL_18438269,hCoV-19/Beijing/BJCDC-3901/2023,2023-08-10,China,Beijing,HK.1,VOI GRA (EG.5+EG.5.*) first detected in Indonesia/France,23F,XBB.1.9.2.5.1.1.1,23F (EG.5.1),HK
EPI_ISL_18213256,hCoV-19/Guizhou/GZSCDC-GY08-11/2023,2023-08-11,China,Guizhou,HK.3,VOI GRA (EG.5+EG.5.*) first detected in Indonesia/France,23H,XBB.1.9.2.5.1.1.3,23H (HK.3),HK
EPI_ISL_18114823,hCoV-19/Shanghai/SCDC-HG0813-3055/2023,2023-08-11,China,Shanghai,HK.7,VOI GRA (EG.5+EG.5.*) first detected in Indonesia/France,23F,XBB.1.9.2.5.1.1.7,23F (EG.5.1),HK
EPI_ISL_18145961,hCoV-19/Fujian/FCDC-QZ08S021/2023,2023-08-12,China,Fujian,HK.4,VOI GRA (EG.5+EG.5.*) first detected in Indonesia/France,23F,XBB.1.9.2.5.1.1.4,23F (EG.5.1),HK
EPI_ISL_18268276,hCoV-19/Qinghai/QHCDC-S4Y-314/2023,2023-08-13,China,Qinghai,HK.1,VOI GRA (EG.5+EG.5.*) first detected in Indonesia/France,23F,XBB.1.9.2.5.1.1.1,23F (EG.5.1),HK
EPI_ISL_18389008,hCoV-19/Xinjiang/XJCDCHM-229/2023,2023-08-13,China,Xinjiang,HK.1,VOI GRA (EG.5+EG.5.*) first detected in Indonesia/France,23F,XBB.1.9.2.5.1.1.1.2,23F (EG.5.1),HK
EPI_ISL_18289750,hCoV-19/Anhui/HCDC-154/2023,2023-08-14,China,Anhui,HK.3,VOI GRA (EG.5+EG.5.*) first detected in Indonesia/France,23H,XBB.1.9.2.5.1.1.3,23H (HK.3),HK
EPI_ISL_18208534,hCoV-19/Shanghai/SCDC-XG08-12334/2023,2023-08-14,China,Shanghai,HK.3,VOI GRA (EG.5+EG.5.*) first detected in Indonesia/France,23F,XBB.1.9.2.5.1.1.23.1,23F (EG.5.1),HK
EPI_ISL_18388988,hCoV-19/Xinjiang/XJCDCBOZ-149/2023,2023-08-15,China,Xinjiang,HK.3,VOI GRA (EG.5+EG.5.*) first detected in Indonesia/France,23H,XBB.1.9.2.5.1.1.3,23H (HK.3),HK
EPI_ISL_18166202,hCoV-19/Yunnan/YNCDC-2374/2023,2023-08-16,China,Yunnan,HK.3,VOI GRA (EG.5+EG.5.*) first detected in Indonesia/France,23H,XBB.1.9.2.5.1.1.3,23H (HK.3),HK
EPI_ISL_18268190,hCoV-19/Liaoning/LNCDC-318-7/2023,2023-08-16,China,Liaoning,HK.3,VOI GRA (EG.5+EG.5.*) first detected in Indonesia/France,23H,XBB.1.9.2.5.1.1.3,23H (HK.3),HK
EPI_ISL_18166266,hCoV-19/Yunnan/YNCDC-2370/2023,2023-08-16,China,Yunnan,HK.2,VOI GRA (EG.5+EG.5.*) first detected in Indonesia/France,23F,XBB.1.9.2.5.1.1.2,23F (EG.5.1),HK
EPI_ISL_18246042,hCoV-19/Heilongjiang/HLJCDC-2145/2023,2023-08-16,China,Heilongjiang,HK.3,VOI GRA (EG.5+EG.5.*) first detected in Indonesia/France,23H,XBB.1.9.2.5.1.1.3,23H (HK.3),HK
EPI_ISL_18217222,hCoV-19/Hubei/HCDC-WH2664/2023,2023-08-17,China,Hubei,HK.3,VOI GRA (EG.5+EG.5.*) first detected in Indonesia/France,23H,XBB.1.9.2.5.1.1.3,23H (HK.3),HK
EPI_ISL_18268212,hCoV-19/Liaoning/LNCDC-332-1/2023,2023-08-18,China,Liaoning,HK.3,VOI GRA (EG.5+EG.5.*) first detected in Indonesia/France,23H,XBB.1.9.2.5.1.1.3,23H (HK.3),HK
EPI_ISL_18217240,hCoV-19/Hubei/HCDC-XY2701/2023,2023-08-19,China,Hubei,HK.3.3,VOI GRA (EG.5+EG.5.*) first detected in Indonesia/France,23H,XBB.1.9.2.5.1.1.3.3,23H (HK.3),HK
EPI_ISL_18213366,hCoV-19/Qinghai/QHCDC-HSZ-378/2023,2023-08-19,China,Qinghai,HK.1,VOI GRA (EG.5+EG.5.*) first detected in Indonesia/France,23F,XBB.1.9.2.5.1.1.1,23F (EG.5.1),HK
EPI_ISL_18268209,hCoV-19/Liaoning/LNCDC-331-24/2023,2023-08-20,China,Liaoning,HK.2,VOI GRA (EG.5+EG.5.*) first detected in Indonesia/France,23F,XBB.1.9.2.5.1.1.2,23F (EG.5.1),HK
EPI_ISL_18268206,hCoV-19/Liaoning/LNCDC-331-11/2023,2023-08-20,China,Liaoning,HK.2,VOI GRA (EG.5+EG.5.*) first detected in Indonesia/France,23F,XBB.1.9.2.5.1.1.2,23F (EG.5.1),HK
EPI_ISL_18268213,hCoV-19/Liaoning/LNCDC-332-3/2023,2023-08-20,China,Liaoning,HK.3,VOI GRA (EG.5+EG.5.*) first detected in Indonesia/France,23H,XBB.1.9.2.5.1.1.3,23H (HK.3),HK
EPI_ISL_18241511,hCoV-19/Yunnan/YNCDC-2456/2023,2023-08-20,China,Yunnan,HK.3,VOI GRA (EG.5+EG.5.*) first detected in Indonesia/France,23H,XBB.1.9.2.5.1.1.3.9,23H (HK.3),HK
EPI_ISL_18320942,hCoV-19/Xinjiang/XJCDCKS-204/2023,2023-08-21,China,Xinjiang,HK.1,VOI GRA (EG.5+EG.5.*) first detected in Indonesia/France,23H,XBB.1.9.2.5.1.1.3,23H (HK.3),HK
EPI_ISL_18217236,hCoV-19/Hubei/HCDC-XY2698/2023,2023-08-21,China,Hubei,HK.3,VOI GRA (EG.5+EG.5.*) first detected in Indonesia/France,23H,XBB.1.9.2.5.1.1.3,23H (HK.3),HK
EPI_ISL_18495538,hCoV-19/Gansu/QYCDC-0868/2023,2023-08-21,China,Gansu,HK.3.1,VOI GRA (EG.5+EG.5.*) first detected in Indonesia/France,23H,XBB.1.9.2.5.1.1.3.1,23H (HK.3),HK
EPI_ISL_18213372,hCoV-19/Qinghai/QHCDC-HB2Y-165/2023,2023-08-21,China,Qinghai,HK.1,VOI GRA (EG.5+EG.5.*) first detected in Indonesia/France,23F,XBB.1.9.2.5.1.1.1,23F (EG.5.1),HK
EPI_ISL_18217176,hCoV-19/Hubei/HCDC-HS2721/2023,2023-08-22,China,Hubei,HK.3,VOI GRA (EG.5+EG.5.*) first detected in Indonesia/France,23H,XBB.1.9.2.5.1.1.3,23H (HK.3),HK
EPI_ISL_18401854,hCoV-19/Shanxi/JCCDC-JCCX0394/2023,2023-08-22,China,Shanxi,HK.3,VOI GRA (EG.5+EG.5.*) first detected in Indonesia/France,23H,XBB.1.9.2.5.1.1.3,23H (HK.3),HK
EPI_ISL_18320935,hCoV-19/Xinjiang/XJCDCKS-197/2023,2023-08-22,China,Xinjiang,HK.3,VOI GRA (EG.5+EG.5.*) first detected in Indonesia/France,23H,XBB.1.9.2.5.1.1.3,23H (HK.3),HK
EPI_ISL_18320901,hCoV-19/Xinjiang/XJCDCBOZ-159/2023,2023-08-22,China,Xinjiang,HK.3.1,VOI GRA (EG.5+EG.5.*) first detected in Indonesia/France,23H,XBB.1.9.2.5.1.1.3.1,23H (HK.3),HK
EPI_ISL_18388942,hCoV-19/Liaoning/LNCDC-354-38/2023,2023-08-22,China,Liaoning,HK.3,VOI GRA (EG.5+EG.5.*) first detected in Indonesia/France,23H,XBB.1.9.2.5.1.1.3,23H (HK.3),HK
EPI_ISL_18241508,hCoV-19/Yunnan/YNCDC-2548/2023,2023-08-23,China,Yunnan,HK.3,VOI GRA (EG.5+EG.5.*) first detected in Indonesia/France,23H,XBB.1.9.2.5.1.1.3,23H (HK.3),HK
EPI_ISL_18438154,hCoV-19/Beijing/BJCDC-4350/2023,2023-08-24,China,Beijing,HK.3,VOI GRA (EG.5+EG.5.*) first detected in Indonesia/France,23H,XBB.1.9.2.5.1.1.3,23H (HK.3),HK
EPI_ISL_18438109,hCoV-19/Beijing/BJCDC-4349/2023,2023-08-24,China,Beijing,HK.3,VOI GRA (EG.5+EG.5.*) first detected in Indonesia/France,23H,XBB.1.9.2.5.1.1.3,23H (HK.3),HK
EPI_ISL_18166119,hCoV-19/Gansu/BYCDC165/2023,2023-08-24,China,Gansu,HK.3,VOI GRA (EG.5+EG.5.*) first detected in Indonesia/France,23H,XBB.1.9.2.5.1.1.3,23H (HK.3),HK
EPI_ISL_18217124,hCoV-19/Guizhou/GZCDC-QDNCX0132/2023,2023-08-25,China,Guizhou,HK.3,VOI GRA (EG.5+EG.5.*) first detected in Indonesia/France,23H,XBB.1.9.2.5.1.1.3,23H (HK.3),HK
EPI_ISL_18213365,hCoV-19/Qinghai/QHCDC-ETYY-329/2023,2023-08-26,China,Qinghai,HK.8,VOI GRA (EG.5+EG.5.*) first detected in Indonesia/France,23F,XBB.1.9.2.5.1.1.8,23F (EG.5.1),HK
EPI_ISL_18494097,hCoV-19/Xinjiang/XJCDCHM-238/2023,2023-08-26,China,Xinjiang,HK.8,VOI GRA (EG.5+EG.5.*) first detected in Indonesia/France,23F,XBB.1.9.2.5.1.1.8.1,23F (EG.5.1),HK
EPI_ISL_18213339,hCoV-19/Qinghai/QHCDC-ETYY-321/2023,2023-08-27,China,Qinghai,HK.3,VOI GRA (EG.5+EG.5.*) first detected in Indonesia/France,23H,XBB.1.9.2.5.1.1.3,23H (HK.3),HK
EPI_ISL_18284904,hCoV-19/Shanghai/SCDC-NX0486/2023,2023-08-27,China,Shanghai,HK.2,VOI GRA (EG.5+EG.5.*) first detected in Indonesia/France,23F,XBB.1.9.2.5.1.1.2,23F (EG.5.1),HK
EPI_ISL_18213338,hCoV-19/Qinghai/QHCDC-ETYY-328/2023,2023-08-27,China,Qinghai,HK.3,VOI GRA (EG.5+EG.5.*) first detected in Indonesia/France,23F,XBB.1.9.2.5.1.1.23.1,23F (EG.5.1),HK
EPI_ISL_18285037,hCoV-19/Sichuan/YACDC-XGCX140/2023,2023-08-28,China,Sichuan,HK.8,VOI GRA (EG.5+EG.5.*) first detected in Indonesia/France,23F,XBB.1.9.2.5.1.1,23F (EG.5.1),HK
EPI_ISL_18292713,hCoV-19/Yunnan/YNCDC-2580/2023,2023-08-28,China,Yunnan,HK.8,VOI GRA (EG.5+EG.5.*) first detected in Indonesia/France,23F,XBB.1.9.2.5.1.1.8.1,23F (EG.5.1),HK
EPI_ISL_18268342,hCoV-19/Shanghai/SCDC-791/2023,2023-08-28,China,Shanghai,HK.7,VOI GRA (EG.5+EG.5.*) first detected in Indonesia/France,23F,XBB.1.9.2.5.1.1.7,23F (EG.5.1),HK
EPI_ISL_18494090,hCoV-19/Xinjiang/XJCDCCJ-233/2023,2023-08-28,China,Xinjiang,HK.1,VOI GRA (EG.5+EG.5.*) first detected in Indonesia/France,23F,XBB.1.9.2.5.1.1.1.2,23F (EG.5.1),HK
EPI_ISL_18320699,hCoV-19/Liaoning/LNCDC-338-2/2023,2023-08-28,China,Liaoning,HK.3,VOI GRA (EG.5+EG.5.*) first detected in Indonesia/France,23H,XBB.1.9.2.5.1.1.3,23H (HK.3),HK
EPI_ISL_18320707,hCoV-19/Liaoning/LNCDC-342-2/2023,2023-08-28,China,Liaoning,HK.1,VOI GRA (EG.5+EG.5.*) first detected in Indonesia/France,23F,XBB.1.9.2.5.1.1,23F (EG.5.1),HK
EPI_ISL_18384414,hCoV-19/Heilongjiang/HLJCDC-2240/2023,2023-08-28,China,Heilongjiang,HK.3,VOI GRA (EG.5+EG.5.*) first detected in Indonesia/France,23H,XBB.1.9.2.5.1.1.3,23H (HK.3),HK
EPI_ISL_18268163,hCoV-19/Hubei/HCDC-XY2869/2023,2023-08-29,China,Hubei,HK.4,VOI GRA (EG.5+EG.5.*) first detected in Indonesia/France,23F,XBB.1.9.2.5.1.1.4,23F (EG.5.1),HK
EPI_ISL_18401782,hCoV-19/Shanxi/JCCDC-JCCX0413/2023,2023-08-29,China,Shanxi,HK.4,VOI GRA (EG.5+EG.5.*) first detected in Indonesia/France,23F,XBB.1.9.2.5.1.1.4,23F (EG.5.1),HK
EPI_ISL_18292840,hCoV-19/Yunnan/YNCDC-2707/2023,2023-08-29,China,Yunnan,HK.3,VOI GRA (EG.5+EG.5.*) first detected in Indonesia/France,23H,XBB.1.9.2.5.1.1.3,23H (HK.3),HK
EPI_ISL_18495572,hCoV-19/Gansu/QYCDC-887/2023,2023-08-29,China,Gansu,HK.3.1,VOI GRA (EG.5+EG.5.*) first detected in Indonesia/France,23H,XBB.1.9.2.5.1.1.3.1,23H (HK.3),HK
EPI_ISL_18320708,hCoV-19/Liaoning/LNCDC-342-3/2023,2023-08-29,China,Liaoning,HK.3,VOI GRA (EG.5+EG.5.*) first detected in Indonesia/France,23H,XBB.1.9.2.5.1.1.3,23H (HK.3),HK
EPI_ISL_18320695,hCoV-19/Liaoning/LNCDC-336-2/2023,2023-08-29,China,Liaoning,HK.3,VOI GRA (EG.5+EG.5.*) first detected in Indonesia/France,23H,XBB.1.9.2.5.1.1.3,23H (HK.3),HK
EPI_ISL_18438155,hCoV-19/Beijing/BJCDC-4310/2023,2023-08-29,China,Beijing,HK.3,VOI GRA (EG.5+EG.5.*) first detected in Indonesia/France,23H,XBB.1.9.2.5.1.1.3,23H (HK.3),HK
EPI_ISL_18438161,hCoV-19/Beijing/BJCDC-4359/2023,2023-08-29,China,Beijing,HK.3,VOI GRA (EG.5+EG.5.*) first detected in Indonesia/France,23H,XBB.1.9.2.5.1.1.3,23H (HK.3),HK
EPI_ISL_18320715,hCoV-19/Liaoning/LNCDC-344-5/2023,2023-08-30,China,Liaoning,HK.3,VOI GRA (EG.5+EG.5.*) first detected in Indonesia/France,23H,XBB.1.9.2.5.1.1.3,23H (HK.3),HK
EPI_ISL_18320690,hCoV-19/Liaoning/LNCDC-334-2/2023,2023-08-30,China,Liaoning,HK.4,VOI GRA (EG.5+EG.5.*) first detected in Indonesia/France,23F,XBB.1.9.2.5.1.1.4,23F (EG.5.1),HK
EPI_ISL_18268178,hCoV-19/Hubei/HCDC-YC2848/2023,2023-08-30,China,Hubei,HK.3,VOI GRA (EG.5+EG.5.*) first detected in Indonesia/France,23H,XBB.1.9.2.5.1.1.3,23H (HK.3),HK
EPI_ISL_18320712,hCoV-19/Liaoning/LNCDC-344-11/2023,2023-08-30,China,Liaoning,HK.3,VOI GRA (EG.5+EG.5.*) first detected in Indonesia/France,23H,XBB.1.9.2.5.1.1.3,23H (HK.3),HK
EPI_ISL_18438289,hCoV-19/Beijing/BJCDC-4328/2023,2023-08-31,China,Beijing,HK.3,VOI GRA (EG.5+EG.5.*) first detected in Indonesia/France,23H,XBB.1.9.2.5.1.1.3,23H (HK.3),HK
EPI_ISL_18438066,hCoV-19/Beijing/BJCDC-4313/2023,2023-08-31,China,Beijing,HK.3,VOI GRA (EG.5+EG.5.*) first detected in Indonesia/France,23H,XBB.1.9.2.5.1.1.3,23H (HK.3),HK
EPI_ISL_18438300,hCoV-19/Beijing/BJCDC-4339/2023,2023-08-31,China,Beijing,HK.3,VOI GRA (EG.5+EG.5.*) first detected in Indonesia/France,23H,XBB.1.9.2.5.1.1.3,23H (HK.3),HK
EPI_ISL_18268289,hCoV-19/Shanghai/SCDC-HG0901-3379/2023,2023-08-31,China,Shanghai,HK.3.3,VOI GRA (EG.5+EG.5.*) first detected in Indonesia/France,23H,XBB.1.9.2.5.1.1.3.3,23H (HK.3),HK
EPI_ISL_18495584,hCoV-19/Gansu/QYCDC-0911/2023,2023-08-31,China,Gansu,HK.3,VOI GRA (EG.5+EG.5.*) first detected in Indonesia/France,23H,XBB.1.9.2.5.1.1.3.11,23H (HK.3),HK
EPI_ISL_18495403,hCoV-19/Shanxi/TYCDC472/2023,2023-09-01,China,Shanxi,HK.3,VOI GRA (EG.5+EG.5.*) first detected in Indonesia/France,23H,XBB.1.9.2.5.1.1.3,23H (HK.3),HK
EPI_ISL_18401916,hCoV-19/Shanxi/JCCDC-JCCX0448/2023,2023-09-01,China,Shanxi,HK.3,VOI GRA (EG.5+EG.5.*) first detected in Indonesia/France,23H,XBB.1.9.2.5.1.1.3,23H (HK.3),HK
EPI_ISL_18494123,hCoV-19/Xinjiang/XJCDCKS-215/2023,2023-09-01,China,Xinjiang,HK.1,VOI GRA (EG.5+EG.5.*) first detected in Indonesia/France,23F,XBB.1.9.2.5.1.1.1,23F (EG.5.1),HK
EPI_ISL_18494119,hCoV-19/Xinjiang/XJCDCKS-211/2023,2023-09-01,China,Xinjiang,HK.1,VOI GRA (EG.5+EG.5.*) first detected in Indonesia/France,23F,XBB.1.9.2.5.1.1.1,23F (EG.5.1),HK
EPI_ISL_18388943,hCoV-19/Liaoning/LNCDC-354-5/2023,2023-09-01,China,Liaoning,HK.3,VOI GRA (EG.5+EG.5.*) first detected in Indonesia/France,23H,XBB.1.9.2.5.1.1.3,23H (HK.3),HK
EPI_ISL_18245827,hCoV-19/Fujian/FCDC-FZCX0232/2023,2023-09-02,China,Fujian,HK.3.2,VOI GRA (EG.5+EG.5.*) first detected in Indonesia/France,23H,XBB.1.9.2.5.1.1.3.2,23H (HK.3),HK
EPI_ISL_18285011,hCoV-19/Shanghai/SCDC-xh0906-5_S5/2023,2023-09-02,China,Shanghai,HK.3,VOI GRA (EG.5+EG.5.*) first detected in Indonesia/France,23H,XBB.1.9.2.5.1.1.3.11,23H (HK.3),HK
EPI_ISL_18268166,hCoV-19/Hubei/HCDC-XY2872/2023,2023-09-02,China,Hubei,HK.3,VOI GRA (EG.5+EG.5.*) first detected in Indonesia/France,23H,XBB.1.9.2.5.1.1.3,23H (HK.3),HK
EPI_ISL_18261471,hCoV-19/Sichuan/LZCDC-XG159/2023,2023-09-02,China,Sichuan,HK.3,VOI GRA (EG.5+EG.5.*) first detected in Indonesia/France,23H,XBB.1.9.2.5.1.1.3,23H (HK.3),HK
EPI_ISL_18268160,hCoV-19/Hubei/HCDC-SY2866/2023,2023-09-04,China,Hubei,HK.3,VOI GRA (EG.5+EG.5.*) first detected in Indonesia/France,23H,XBB.1.9.2.5.1.1.3,23H (HK.3),HK
EPI_ISL_18289771,hCoV-19/Anhui/HCDC-176/2023,2023-09-04,China,Anhui,HK.3,VOI GRA (EG.5+EG.5.*) first detected in Indonesia/France,23H,XBB.1.9.2.5.1.1.3,23H (HK.3),HK
EPI_ISL_18289770,hCoV-19/Anhui/HCDC-175/2023,2023-09-04,China,Anhui,HK.3.1,VOI GRA (EG.5+EG.5.*) first detected in Indonesia/France,23H,XBB.1.9.2.5.1.1.3.1,23H (HK.3),HK
EPI_ISL_18494074,hCoV-19/Xinjiang/XJCDCALT-146/2023,2023-09-04,China,Xinjiang,HK.1,VOI GRA (EG.5+EG.5.*) first detected in Indonesia/France,23F,XBB.1.9.2.5.1.1.1.2,23F (EG.5.1),HK
EPI_ISL_18268171,hCoV-19/Hubei/HCDC-XY2877/2023,2023-09-04,China,Hubei,HK.1,VOI GRA (EG.5+EG.5.*) first detected in Indonesia/France,23F,XBB.1.9.2.5.1.1.1,23F (EG.5.1),HK
EPI_ISL_18320846,hCoV-19/Shanghai/SCDC-xh0925_1_S1/2023,2023-09-05,China,Shanghai,HK.2,VOI GRA (EG.5+EG.5.*) first detected in Indonesia/France,23F,XBB.1.9.2.5.1.1.2,23F (EG.5.1),HK
EPI_ISL_18277163,hCoV-19/Fujian/FCDC-SM09004/2023,2023-09-05,China,Fujian,HK.8,VOI GRA (EG.5+EG.5.*) first detected in Indonesia/France,23F,XBB.1.9.2.5.1.1,23F (EG.5.1),HK
EPI_ISL_18320885,hCoV-19/Shanghai/SCDC-xh0925_6_S6/2023,2023-09-06,China,Shanghai,HK.3,VOI GRA (EG.5+EG.5.*) first detected in Indonesia/France,23H,XBB.1.9.2.5.1.1.3,23H (HK.3),HK
EPI_ISL_18320883,hCoV-19/Shanghai/SCDC-xh0925_47_S47/2023,2023-09-06,China,Shanghai,HK.3,VOI GRA (EG.5+EG.5.*) first detected in Indonesia/France,23H,XBB.1.9.2.5.1.1.3,23H (HK.3),HK
EPI_ISL_18320770,hCoV-19/Shanghai/SCDC-MH_091403/2023,2023-09-06,China,Shanghai,HK.3.3,VOI GRA (EG.5+EG.5.*) first detected in Indonesia/France,23H,XBB.1.9.2.5.1.1.3.3,23H (HK.3),HK
EPI_ISL_18360334,hCoV-19/Shanghai/SCDC-XG09-13961/2023,2023-09-06,China,Shanghai,HK.3,VOI GRA (EG.5+EG.5.*) first detected in Indonesia/France,23H,XBB.1.9.2.5.1.1.3,23H (HK.3),HK
EPI_ISL_18505784,hCoV-19/Xinjiang/XJCDCTC-192/2023,2023-09-06,China,Xinjiang,HK.3,VOI GRA (EG.5+EG.5.*) first detected in Indonesia/France,23H,XBB.1.9.2.5.1.1.3,23H (HK.3),HK
EPI_ISL_18384364,hCoV-19/Heilongjiang/HLJCDC-2314/2023,2023-09-06,China,Heilongjiang,HK.3,VOI GRA (EG.5+EG.5.*) first detected in Indonesia/France,23H,XBB.1.9.2.5.1.1.3,23H (HK.3),HK
EPI_ISL_18320852,hCoV-19/Shanghai/SCDC-xh0925_18_S18/2023,2023-09-07,China,Shanghai,HK.3,VOI GRA (EG.5+EG.5.*) first detected in Indonesia/France,23H,XBB.1.9.2.5.1.1.3,23H (HK.3),HK
EPI_ISL_18505732,hCoV-19/Xinjiang/XJCDCBOZ-188/2023,2023-09-07,China,Xinjiang,HK.3.3,VOI GRA (EG.5+EG.5.*) first detected in Indonesia/France,23H,XBB.1.9.2.5.1.1.3,23H (HK.3),HK
EPI_ISL_18284697,hCoV-19/Sichuan/DYCDC-0170/2023,2023-09-08,China,Sichuan,HK.3,VOI GRA (EG.5+EG.5.*) first detected in Indonesia/France,23H,XBB.1.9.2.5.1.1.3,23H (HK.3),HK
EPI_ISL_18495434,hCoV-19/Shanxi/TYCDC503/2023,2023-09-08,China,Shanxi,HK.2,VOI GRA (EG.5+EG.5.*) first detected in Indonesia/France,23F,XBB.1.9.2.5.1.1.2,23F (EG.5.1),HK
EPI_ISL_18495436,hCoV-19/Shanxi/TYCDC505/2023,2023-09-08,China,Shanxi,HK.3.2,VOI GRA (EG.5+EG.5.*) first detected in Indonesia/France,23H,XBB.1.9.2.5.1.1.3.2,23H (HK.3),HK
EPI_ISL_18495431,hCoV-19/Shanxi/TYCDC500/2023,2023-09-08,China,Shanxi,HK.3,VOI GRA (EG.5+EG.5.*) first detected in Indonesia/France,23H,XBB.1.9.2.5.1.1.3,23H (HK.3),HK
EPI_ISL_18438070,hCoV-19/Beijing/BJCDC-4505/2023,2023-09-08,China,Beijing,HK.3,VOI GRA (EG.5+EG.5.*) first detected in Indonesia/France,23H,XBB.1.9.2.5.1.1.3,23H (HK.3),HK
EPI_ISL_18292829,hCoV-19/Yunnan/YNCDC-2696/2023,2023-09-08,China,Yunnan,HK.3,VOI GRA (EG.5+EG.5.*) first detected in Indonesia/France,23H,XBB.1.9.2.5.1.1.3,23H (HK.3),HK
EPI_ISL_18313218,hCoV-19/Hubei/HCDC-YC2938/2023,2023-09-08,China,Hubei,HK.3,VOI GRA (EG.5+EG.5.*) first detected in Indonesia/France,23H,XBB.1.9.2.5.1.1.3,23H (HK.3),HK
EPI_ISL_18320853,hCoV-19/Shanghai/SCDC-xh0925_19_S19/2023,2023-09-08,China,Shanghai,HK.3,VOI GRA (EG.5+EG.5.*) first detected in Indonesia/France,23H,XBB.1.9.2.5.1.1.3,23H (HK.3),HK
EPI_ISL_18313223,hCoV-19/Hubei/HCDC-YC2937/2023,2023-09-08,China,Hubei,HK.3,VOI GRA (EG.5+EG.5.*) first detected in Indonesia/France,23H,XBB.1.9.2.5.1.1.3,23H (HK.3),HK
EPI_ISL_18438078,hCoV-19/Beijing/BJCDC-4565/2023,2023-09-08,China,Beijing,HK.3,VOI GRA (EG.5+EG.5.*) first detected in Indonesia/France,23F,XBB.1.9.2.5.1.1.23.1,23F (EG.5.1),HK
EPI_ISL_18401777,hCoV-19/Shanxi/JCCDC-JCCX0481/2023,2023-09-08,China,Shanxi,HK.3,VOI GRA (EG.5+EG.5.*) first detected in Indonesia/France,23H,XBB.1.9.2.5.1.1.3,23H (HK.3),HK
EPI_ISL_18495419,hCoV-19/Shanxi/TYCDC488/2023,2023-09-08,China,Shanxi,HK.3,VOI GRA (EG.5+EG.5.*) first detected in Indonesia/France,23H,XBB.1.9.2.5.1.1.3.11,23H (HK.3),HK
EPI_ISL_18505762,hCoV-19/Xinjiang/XJCDCKS-218/2023,2023-09-08,China,Xinjiang,HK.3.1,VOI GRA (EG.5+EG.5.*) first detected in Indonesia/France,23H,XBB.1.9.2.5.1.1.3.1,23H (HK.3),HK
EPI_ISL_18284698,hCoV-19/Sichuan/DYCDC-0171/2023,2023-09-08,China,Sichuan,HK.3,VOI GRA (EG.5+EG.5.*) first detected in Indonesia/France,23H,XBB.1.9.2.5.1.1.3,23H (HK.3),HK
EPI_ISL_18401857,hCoV-19/Shanxi/JCCDC-JCCX0482/2023,2023-09-09,China,Shanxi,HK.3,VOI GRA (EG.5+EG.5.*) first detected in Indonesia/France,23H,XBB.1.9.2.5.1.1.3.1,23H (HK.3),HK
EPI_ISL_18268272,hCoV-19/Qinghai/QHCDC-HSZ-411/2023,2023-09-09,China,Qinghai,HK.3,VOI GRA (EG.5+EG.5.*) first detected in Indonesia/France,23H,XBB.1.9.2.5.1.1.3,23H (HK.3),HK
EPI_ISL_18320856,hCoV-19/Shanghai/SCDC-xh0925_21_S21/2023,2023-09-09,China,Shanghai,HK.3.1,VOI GRA (EG.5+EG.5.*) first detected in Indonesia/France,23H,XBB.1.9.2.5.1.1.3.1,23H (HK.3),HK
EPI_ISL_18330194,hCoV-19/Hubei/HCDC-ES3087/2023,2023-09-10,China,Hubei,HK.3,VOI GRA (EG.5+EG.5.*) first detected in Indonesia/France,23H,XBB.1.9.2.5.1.1.3,23H (HK.3),HK
EPI_ISL_18485357,hCoV-19/Hubei/HCDC-XN3451/2023,2023-09-10,China,Hubei,HK.3.2,VOI GRA (EG.5+EG.5.*) first detected in Indonesia/France,23H,XBB.1.9.2.5.1.1.3.2,23H (HK.3),HK
EPI_ISL_18330284,hCoV-19/Liaoning/LNCDC-363-1/2023,2023-09-11,China,Liaoning,HK.4,VOI GRA (EG.5+EG.5.*) first detected in Indonesia/France,23F,XBB.1.9.2.5.1.1.4,23F (EG.5.1),HK
EPI_ISL_18292661,hCoV-19/Shanxi/SZCDC-SZ092/2023,2023-09-11,China,Shanxi,HK.3,VOI GRA (EG.5+EG.5.*) first detected in Indonesia/France,23F,XBB.1.9.2.5.1.1.23.1,23F (EG.5.1),HK
EPI_ISL_18438162,hCoV-19/Beijing/BJCDC-4506/2023,2023-09-11,China,Beijing,HK.3,VOI GRA (EG.5+EG.5.*) first detected in Indonesia/France,23H,XBB.1.9.2.5.1.1.3,23H (HK.3),HK
EPI_ISL_18495613,hCoV-19/Gansu/QYCDC-0895/2023,2023-09-11,China,Gansu,HK.7,VOI GRA (EG.5+EG.5.*) first detected in Indonesia/France,23F,XBB.1.9.2.5.1.1.7,23F (EG.5.1),HK
EPI_ISL_18324211,hCoV-19/Yunnan/YNCDC-2790/2023,2023-09-11,China,Yunnan,HK.3,VOI GRA (EG.5+EG.5.*) first detected in Indonesia/France,23H,XBB.1.9.2.5.1.1.3,23H (HK.3),HK
EPI_ISL_18401905,hCoV-19/Shanxi/JCCDC-JCCX0468/2023,2023-09-11,China,Shanxi,HK.3,VOI GRA (EG.5+EG.5.*) first detected in Indonesia/France,23H,XBB.1.9.2.5.1.1.3.2,23H (HK.3),HK
EPI_ISL_18505595,hCoV-19/Xinjiang/XJCDCBAZ_318/2023,2023-09-11,China,Xinjiang,HK.1,VOI GRA (EG.5+EG.5.*) first detected in Indonesia/France,23F,XBB.1.9.2.5.1.1.1,23F (EG.5.1),HK
EPI_ISL_18495607,hCoV-19/Gansu/QYCDC-0889/2023,2023-09-11,China,Gansu,HK.3,VOI GRA (EG.5+EG.5.*) first detected in Indonesia/France,23H,XBB.1.9.2.5.1.1.3,23H (HK.3),HK
EPI_ISL_18438174,hCoV-19/Beijing/BJCDC-4564/2023,2023-09-11,China,Beijing,HK.3,VOI GRA (EG.5+EG.5.*) first detected in Indonesia/France,23H,XBB.1.9.2.5.1.1.3,23H (HK.3),HK
EPI_ISL_18388883,hCoV-19/Hubei/HCDC-EZ3195/2023,2023-09-11,China,Hubei,HK.3,VOI GRA (EG.5+EG.5.*) first detected in Indonesia/France,23H,XBB.1.9.2.5.1.1.3,23H (HK.3),HK
EPI_ISL_18304226,hCoV-19/Fujian/FCDC-ZP26/2023,2023-09-11,China,Fujian,HK.3,VOI GRA (EG.5+EG.5.*) first detected in Indonesia/France,23H,XBB.1.9.2.5.1.1.3,23H (HK.3),HK
EPI_ISL_18465067,hCoV-19/Heilongjiang/HLJCDC-2350/2023,2023-09-11,China,Heilongjiang,HK.3,VOI GRA (EG.5+EG.5.*) first detected in Indonesia/France,23H,XBB.1.9.2.5.1.1.3,23H (HK.3),HK
EPI_ISL_18304198,hCoV-19/Fujian/FCDC-NPqz128/2023,2023-09-11,China,Fujian,HK.3,VOI GRA (EG.5+EG.5.*) first detected in Indonesia/France,23H,XBB.1.9.2.5.1.1.3.6,23H (HK.3),HK
EPI_ISL_18268268,hCoV-19/Qinghai/QHCDC-HSZ-402/2023,2023-09-11,China,Qinghai,HK.3.2,VOI GRA (EG.5+EG.5.*) first detected in Indonesia/France,23H,XBB.1.9.2.5.1.1.3.2,23H (HK.3),HK
EPI_ISL_18388956,hCoV-19/Liaoning/LNCDC-372-1/2023,2023-09-11,China,Liaoning,HK.3,VOI GRA (EG.5+EG.5.*) first detected in Indonesia/France,23H,XBB.1.9.2.5.1.1.3,23H (HK.3),HK
EPI_ISL_18330274,hCoV-19/Liaoning/LNCDC-357-4/2023,2023-09-11,China,Liaoning,HK.3,VOI GRA (EG.5+EG.5.*) first detected in Indonesia/France,23H,XBB.1.9.2.5.1.1.3,23H (HK.3),HK
EPI_ISL_18268266,hCoV-19/Qinghai/QHCDC-HSZ-400/2023,2023-09-11,China,Qinghai,HK.3.2,VOI GRA (EG.5+EG.5.*) first detected in Indonesia/France,23H,XBB.1.9.2.5.1.1.3.2.2,23H (HK.3),HK
EPI_ISL_18268246,hCoV-19/Qinghai/QHCDC-ETYY-353/2023,2023-09-11,China,Qinghai,HK.3,VOI GRA (EG.5+EG.5.*) first detected in Indonesia/France,23H,XBB.1.9.2.5.1.1.3,23H (HK.3),HK
EPI_ISL_18438326,hCoV-19/Beijing/BJCDC-4554/2023,2023-09-12,China,Beijing,HK.3.2,VOI GRA (EG.5+EG.5.*) first detected in Indonesia/France,23H,XBB.1.9.2.5.1.1.3,23H (HK.3),HK
EPI_ISL_18304197,hCoV-19/Fujian/FCDC-NPqz126/2023,2023-09-12,China,Fujian,HK.3,VOI GRA (EG.5+EG.5.*) first detected in Indonesia/France,23H,XBB.1.9.2.5.1.1.3.6,23H (HK.3),HK
EPI_ISL_18268255,hCoV-19/Qinghai/QHCDC-HB2Y-202/2023,2023-09-12,China,Qinghai,HK.2,VOI GRA (EG.5+EG.5.*) first detected in Indonesia/France,23F,XBB.1.9.2.5.1.1.2,23F (EG.5.1),HK
EPI_ISL_18438325,hCoV-19/Beijing/BJCDC-4553/2023,2023-09-12,China,Beijing,HK.3,VOI GRA (EG.5+EG.5.*) first detected in Indonesia/France,23H,XBB.1.9.2.5.1.1.3,23H (HK.3),HK
EPI_ISL_18360315,hCoV-19/Shanghai/SCDC-XG09-13940/2023,2023-09-13,China,Shanghai,HK.4,VOI GRA (EG.5+EG.5.*) first detected in Indonesia/France,23F,XBB.1.9.2.5.1.1.4,23F (EG.5.1),HK
EPI_ISL_18401713,hCoV-19/Fujian/FCDC-ND1908/2023,2023-09-13,China,Fujian,HK.3,VOI GRA (EG.5+EG.5.*) first detected in Indonesia/France,23F,XBB.1.9.2.5.1.1.8,23F (EG.5.1),HK
EPI_ISL_18330289,hCoV-19/Liaoning/LNCDC-365-2/2023,2023-09-13,China,Liaoning,HK.3,VOI GRA (EG.5+EG.5.*) first detected in Indonesia/France,23H,XBB.1.9.2.5.1.1.3,23H (HK.3),HK
EPI_ISL_18304227,hCoV-19/Fujian/FCDC-ZZ1928/2023,2023-09-13,China,Fujian,HK.3,VOI GRA (EG.5+EG.5.*) first detected in Indonesia/France,23H,XBB.1.9.2.5.1.1.3.6,23H (HK.3),HK
EPI_ISL_18438331,hCoV-19/Beijing/BJCDC-4561/2023,2023-09-14,China,Beijing,HK.3,VOI GRA (EG.5+EG.5.*) first detected in Indonesia/France,23H,XBB.1.9.2.5.1.1.3,23H (HK.3),HK
EPI_ISL_18320869,hCoV-19/Shanghai/SCDC-xh0925_34_S34/2023,2023-09-14,China,Shanghai,HK.3,VOI GRA (EG.5+EG.5.*) first detected in Indonesia/France,23H,XBB.1.9.2.5.1.1.3,23H (HK.3),HK
EPI_ISL_18438330,hCoV-19/Beijing/BJCDC-4560/2023,2023-09-14,China,Beijing,HK.3,VOI GRA (EG.5+EG.5.*) first detected in Indonesia/France,23H,XBB.1.9.2.5.1.1.3,23H (HK.3),HK
EPI_ISL_18505676,hCoV-19/Xinjiang/XJCDCWLMQ_545/2023,2023-09-14,China,Xinjiang,HK.1,VOI GRA (EG.5+EG.5.*) first detected in Indonesia/France,23F,XBB.1.9.2.5.1.1.1.2,23F (EG.5.1),HK
EPI_ISL_18401998,hCoV-19/Sichuan/SNCDC-CX082/2023,2023-09-14,China,Sichuan,HK.3,VOI GRA (EG.5+EG.5.*) first detected in Indonesia/France,23H,XBB.1.9.2.5.1.1.3.3,23H (HK.3),HK
EPI_ISL_18304188,hCoV-19/Fujian/FCDC-FZCX0291/2023,2023-09-14,China,Fujian,HK.8,VOI GRA (EG.5+EG.5.*) first detected in Indonesia/France,23F,XBB.1.9.2.5.1.1.8,23F (EG.5.1),HK
EPI_ISL_18304207,hCoV-19/Fujian/FCDC-PTN197/2023,2023-09-15,China,Fujian,HK.3,VOI GRA (EG.5+EG.5.*) first detected in Indonesia/France,23H,XBB.1.9.2.5.1.1.3,23H (HK.3),HK
EPI_ISL_18438321,hCoV-19/Beijing/BJCDC-4549/2023,2023-09-15,China,Beijing,HK.3,VOI GRA (EG.5+EG.5.*) first detected in Indonesia/France,23H,XBB.1.9.2.5.1.1.3,23H (HK.3),HK
EPI_ISL_18495447,hCoV-19/Shanxi/TYCDC516/2023,2023-09-15,China,Shanxi,HK.3,VOI GRA (EG.5+EG.5.*) first detected in Indonesia/France,23H,XBB.1.9.2.5.1.1.3,23H (HK.3),HK
EPI_ISL_18330200,hCoV-19/Hubei/HCDC-HS3053/2023,2023-09-15,China,Hubei,HK.3,VOI GRA (EG.5+EG.5.*) first detected in Indonesia/France,23H,XBB.1.9.2.5.1.1.3.2,23H (HK.3),HK
EPI_ISL_18505689,hCoV-19/Xinjiang/XJCDCKS_236/2023,2023-09-15,China,Xinjiang,HK.3.1,VOI GRA (EG.5+EG.5.*) first detected in Indonesia/France,23H,XBB.1.9.2.5.1.1.3.1,23H (HK.3),HK
EPI_ISL_18505688,hCoV-19/Xinjiang/XJCDCKS_235/2023,2023-09-15,China,Xinjiang,HK.1,VOI GRA (EG.5+EG.5.*) first detected in Indonesia/France,23F,XBB.1.9.2.5.1.1.1,23F (EG.5.1),HK
EPI_ISL_18438318,hCoV-19/Beijing/BJCDC-4544/2023,2023-09-15,China,Beijing,HK.3,VOI GRA (EG.5+EG.5.*) first detected in Indonesia/France,23H,XBB.1.9.2.5.1.1.3,23H (HK.3),HK
EPI_ISL_18376515,hCoV-19/Sichuan/DYCDC-0177/2023,2023-09-15,China,Sichuan,HK.3.2,VOI GRA (EG.5+EG.5.*) first detected in Indonesia/France,23H,XBB.1.9.2.5.1.1.3.2,23H (HK.3),HK
EPI_ISL_18313237,hCoV-19/Qinghai/QHCDC-HSZ-417/2023,2023-09-16,China,Qinghai,HK.2,VOI GRA (EG.5+EG.5.*) first detected in Indonesia/France,23F,XBB.1.9.2.5.1.1.27.1.1,23F (EG.5.1),HK
EPI_ISL_18438040,hCoV-19/Anhui/AQCDC-151/2023,2023-09-16,China,Anhui,HK.3,VOI GRA (EG.5+EG.5.*) first detected in Indonesia/France,23H,XBB.1.9.2.5.1.1.3,23H (HK.3),HK
EPI_ISL_18313232,hCoV-19/Qinghai/QHCDC-ETYY-355/2023,2023-09-16,China,Qinghai,HK.3,VOI GRA (EG.5+EG.5.*) first detected in Indonesia/France,23F,XBB.1.9.2.5.1.1.23.1,23F (EG.5.1),HK
EPI_ISL_18313228,hCoV-19/Qinghai/QHCDC-HSZ-412/2023,2023-09-16,China,Qinghai,HK.3.2,VOI GRA (EG.5+EG.5.*) first detected in Indonesia/France,23H,XBB.1.9.2.5.1.1.3.2,23H (HK.3),HK
EPI_ISL_18320861,hCoV-19/Shanghai/SCDC-xh0925_27_S27/2023,2023-09-17,China,Shanghai,HK.3,VOI GRA (EG.5+EG.5.*) first detected in Indonesia/France,23H,XBB.1.9.2.5.1.1.3.10,23H (HK.3),HK
EPI_ISL_18320870,hCoV-19/Shanghai/SCDC-xh0925_35_S35/2023,2023-09-17,China,Shanghai,HK.3,VOI GRA (EG.5+EG.5.*) first detected in Indonesia/France,23H,XBB.1.9.2.5.1.1.3,23H (HK.3),HK
EPI_ISL_18447735,hCoV-19/Xinjiang/XJCDCAKS-203/2023,2023-09-17,China,Xinjiang,HK.1,VOI GRA (EG.5+EG.5.*) first detected in Indonesia/France,23H,XBB.1.9.2.5.1.1.3,23H (HK.3),HK
EPI_ISL_18313229,hCoV-19/Qinghai/QHCDC-HB2Y-209/2023,2023-09-17,China,Qinghai,HK.3,VOI GRA (EG.5+EG.5.*) first detected in Indonesia/France,23H,XBB.1.9.2.5.1.1.3,23H (HK.3),HK
EPI_ISL_18304244,hCoV-19/Sichuan/LSCDC-ls0920-6/2023,2023-09-17,China,Sichuan,HK.3,VOI GRA (EG.5+EG.5.*) first detected in Indonesia/France,23H,XBB.1.9.2.5.1.1.3,23H (HK.3),HK
EPI_ISL_18425076,hCoV-19/Liaoning/LNCDC-378-6/2023,2023-09-17,China,Liaoning,HK.3,VOI GRA (EG.5+EG.5.*) first detected in Indonesia/France,23H,XBB.1.9.2.5.1.1.3,23H (HK.3),HK
EPI_ISL_18495796,hCoV-19/Gansu/QYCDC-0999/2023,2023-09-18,China,Gansu,HK.3.1,VOI GRA (EG.5+EG.5.*) first detected in Indonesia/France,23H,XBB.1.9.2.5.1.1.3.1,23H (HK.3),HK
EPI_ISL_18435231,hCoV-19/Anhui/TLCDC-CX070/2023,2023-09-18,China,Anhui,HK.3,VOI GRA (EG.5+EG.5.*) first detected in Indonesia/France,23H,XBB.1.9.2.5.1.1.3,23H (HK.3),HK
EPI_ISL_18465201,hCoV-19/Henan/PYCDC-LG870/2023,2023-09-18,China,Henan,HK.3,VOI GRA (EG.5+EG.5.*) first detected in Indonesia/France,23H,XBB.1.9.2.5.1.1.3,23H (HK.3),HK
EPI_ISL_18304233,hCoV-19/Qinghai/HXCDC-GEM-31/2023,2023-09-18,China,Qinghai,HK.3,VOI GRA (EG.5+EG.5.*) first detected in Indonesia/France,23H,XBB.1.9.2.5.1.1.3.11,23H (HK.3),HK
EPI_ISL_18304273,hCoV-19/Qinghai/HXCDC-ZYY-48/2023,2023-09-18,China,Qinghai,HK.3,VOI GRA (EG.5+EG.5.*) first detected in Indonesia/France,23H,XBB.1.9.2.5.1.1.3,23H (HK.3),HK
EPI_ISL_18304235,hCoV-19/Qinghai/HXCDC-GEM-26/2023,2023-09-18,China,Qinghai,HK.3,VOI GRA (EG.5+EG.5.*) first detected in Indonesia/France,23H,XBB.1.9.2.5.1.1.3,23H (HK.3),HK
EPI_ISL_18304232,hCoV-19/Qinghai/HXCDC-GEM-30/2023,2023-09-18,China,Qinghai,HK.3,VOI GRA (EG.5+EG.5.*) first detected in Indonesia/France,23H,XBB.1.9.2.5.1.1.3,23H (HK.3),HK
EPI_ISL_18384556,hCoV-19/Yunnan/YNCDC-2934/2023,2023-09-18,China,Yunnan,HK.3,VOI GRA (EG.5+EG.5.*) first detected in Indonesia/France,23H,XBB.1.9.2.5.1.1.3,23H (HK.3),HK
EPI_ISL_18465083,hCoV-19/Heilongjiang/HLJCDC-2373/2023,2023-09-18,China,Heilongjiang,HK.4,VOI GRA (EG.5+EG.5.*) first detected in Indonesia/France,23F,XBB.1.9.2.5.1.1.4,23F (EG.5.1),HK
EPI_ISL_18376455,hCoV-19/Fujian/FCDC-ZP31/2023,2023-09-18,China,Fujian,HK.3,VOI GRA (EG.5+EG.5.*) first detected in Indonesia/France,23H,XBB.1.9.2.5.1.1.3,23H (HK.3),HK
EPI_ISL_18475196,hCoV-19/Shanghai/SCDC-XH1020-3_S3/2023,2023-09-19,China,Shanghai,HK.3,VOI GRA (EG.5+EG.5.*) first detected in Indonesia/France,23H,XBB.1.9.2.5.1.1.3.10,23H (HK.3),HK
EPI_ISL_18465177,hCoV-19/Heilongjiang/HLJCDC-2383/2023,2023-09-19,China,Heilongjiang,HK.3,VOI GRA (EG.5+EG.5.*) first detected in Indonesia/France,23H,XBB.1.9.2.5.1.1.3,23H (HK.3),HK
EPI_ISL_18388947,hCoV-19/Liaoning/LNCDC-368-4/2023,2023-09-19,China,Liaoning,HK.3,VOI GRA (EG.5+EG.5.*) first detected in Indonesia/France,23H,XBB.1.9.2.5.1.1.3,23H (HK.3),HK
EPI_ISL_18447777,hCoV-19/Xinjiang/XJCDCKS05/2023,2023-09-19,China,Xinjiang,HK.1,VOI GRA (EG.5+EG.5.*) first detected in Indonesia/France,23F,XBB.1.9.2.5.1.1.1,23F (EG.5.1),HK
EPI_ISL_18401803,hCoV-19/Shanxi/JCCDC-JCCX0492/2023,2023-09-19,China,Shanxi,HK.3,VOI GRA (EG.5+EG.5.*) first detected in Indonesia/France,23H,XBB.1.9.2.5.1.1.3,23H (HK.3),HK
EPI_ISL_18465106,hCoV-19/Heilongjiang/HLJCDC-2388/2023,2023-09-19,China,Heilongjiang,HK.3,VOI GRA (EG.5+EG.5.*) first detected in Indonesia/France,23H,XBB.1.9.2.5.1.1.3,23H (HK.3),HK
EPI_ISL_18495817,hCoV-19/Gansu/QYCDC-1033/2023,2023-09-20,China,Gansu,HK.3,VOI GRA (EG.5+EG.5.*) first detected in Indonesia/France,23H,XBB.1.9.2.5.1.1.3.6,23H (HK.3),HK
EPI_ISL_18376457,hCoV-19/Fujian/FCDC-ZZ2028/2023,2023-09-20,China,Fujian,HK.3,VOI GRA (EG.5+EG.5.*) first detected in Indonesia/France,23H,XBB.1.9.2.5.1.1.3,23H (HK.3),HK
EPI_ISL_18438546,hCoV-19/Shanghai/SCDC-XG10-14189/2023,2023-09-20,China,Shanghai,HK.3,VOI GRA (EG.5+EG.5.*) first detected in Indonesia/France,23H,XBB.1.9.2.5.1.1.3,23H (HK.3),HK
EPI_ISL_18465296,hCoV-19/Liaoning/LNCDC-383-3/2023,2023-09-20,China,Liaoning,HK.8,VOI GRA (EG.5+EG.5.*) first detected in Indonesia/France,23F,XBB.1.9.2.5.1.1.8,23F (EG.5.1),HK
EPI_ISL_18495816,hCoV-19/Gansu/QYCDC-1031/2023,2023-09-20,China,Gansu,HK.3,VOI GRA (EG.5+EG.5.*) first detected in Indonesia/France,23H,XBB.1.9.2.5.1.1.3,23H (HK.3),HK
EPI_ISL_18508502,hCoV-19/Henan/LHCDC-0300/2023,2023-09-21,China,Henan,HK.3,VOI GRA (EG.5+EG.5.*) first detected in Indonesia/France,23H,XBB.1.9.2.5.1.1.3,23H (HK.3),HK
EPI_ISL_18401968,hCoV-19/Sichuan/DYCDC-0184/2023,2023-09-21,China,Sichuan,HK.3,VOI GRA (EG.5+EG.5.*) first detected in Indonesia/France,23H,XBB.1.9.2.5.1.1.3,23H (HK.3),HK
EPI_ISL_18508493,hCoV-19/Henan/XYCDC-0397/2023,2023-09-21,China,Henan,HK.2,VOI GRA (EG.5+EG.5.*) first detected in Indonesia/France,23F,XBB.1.9.2.5.1.1.2,23F (EG.5.1),HK
EPI_ISL_18409370,hCoV-19/Yunnan/YNCDC-2994/2023,2023-09-21,China,Yunnan,HK.3,VOI GRA (EG.5+EG.5.*) first detected in Indonesia/France,23H,XBB.1.9.2.5.1.1.3,23H (HK.3),HK
EPI_ISL_18481037,hCoV-19/Shanghai/SCDC-10_S10/2023,2023-09-21,China,Shanghai,HK.3,VOI GRA (EG.5+EG.5.*) first detected in Indonesia/France,23F,XBB.1.9.2.5.1.1.24.1,23F (EG.5.1),HK
EPI_ISL_18425074,hCoV-19/Liaoning/LNCDC-376-4/2023,2023-09-21,China,Liaoning,HK.3,VOI GRA (EG.5+EG.5.*) first detected in Indonesia/France,23H,XBB.1.9.2.5.1.1.3.7,23H (HK.3),HK
EPI_ISL_18388954,hCoV-19/Liaoning/LNCDC-371-3/2023,2023-09-21,China,Liaoning,HK.3,VOI GRA (EG.5+EG.5.*) first detected in Indonesia/France,23H,XBB.1.9.2.5.1.1.3,23H (HK.3),HK
EPI_ISL_18495458,hCoV-19/Shanxi/TYCDC527/2023,2023-09-22,China,Shanxi,HK.3,VOI GRA (EG.5+EG.5.*) first detected in Indonesia/France,23H,XBB.1.9.2.5.1.1.3,23H (HK.3),HK
EPI_ISL_18495464,hCoV-19/Shanxi/TYCDC533/2023,2023-09-22,China,Shanxi,HK.2,VOI GRA (EG.5+EG.5.*) first detected in Indonesia/France,23F,XBB.1.9.2.5.1.1.2,23F (EG.5.1),HK
EPI_ISL_18401972,hCoV-19/Sichuan/DYCDC-0188/2023,2023-09-22,China,Sichuan,HK.1,VOI GRA (EG.5+EG.5.*) first detected in Indonesia/France,23F,XBB.1.9.2.5.1.1.1,23F (EG.5.1),HK
EPI_ISL_18330344,hCoV-19/Qinghai/QHCDC-HSZ-418/2023,2023-09-23,China,Qinghai,HK.1,VOI GRA (EG.5+EG.5.*) first detected in Indonesia/France,23F,XBB.1.9.2.5.1.1.1,23F (EG.5.1),HK
EPI_ISL_18360229,hCoV-19/Shanghai/SCDC-HG0926-3633/2023,2023-09-24,China,Shanghai,HK.3,VOI GRA (EG.5+EG.5.*) first detected in Indonesia/France,23H,XBB.1.9.2.5.1.1.3,23H (HK.3),HK
EPI_ISL_18401971,hCoV-19/Sichuan/DYCDC-0191/2023,2023-09-24,China,Sichuan,HK.3,VOI GRA (EG.5+EG.5.*) first detected in Indonesia/France,23H,XBB.1.9.2.5.1.1.3,23H (HK.3),HK
EPI_ISL_18401731,hCoV-19/Fujian/FCDC-ZP32/2023,2023-09-24,China,Fujian,HK.3,VOI GRA (EG.5+EG.5.*) first detected in Indonesia/France,23H,XBB.1.9.2.5.1.1.3,23H (HK.3),HK
EPI_ISL_18330338,hCoV-19/Qinghai/QHCDC-HB2Y-223/2023,2023-09-24,China,Qinghai,HK.3,VOI GRA (EG.5+EG.5.*) first detected in Indonesia/France,23H,XBB.1.9.2.5.1.1.3,23H (HK.3),HK
EPI_ISL_18409357,hCoV-19/Yunnan/YNCDC-3002/2023,2023-09-25,China,Yunnan,HK.3,VOI GRA (EG.5+EG.5.*) first detected in Indonesia/France,23H,XBB.1.9.2.5.1.1.3,23H (HK.3),HK
EPI_ISL_18330310,hCoV-19/Fujian/FCDC-NP2429/2023,2023-09-25,China,Fujian,HK.3,VOI GRA (EG.5+EG.5.*) first detected in Indonesia/France,23H,XBB.1.9.2.5.1.1.3,23H (HK.3),HK
EPI_ISL_18465103,hCoV-19/Heilongjiang/HLJCDC-2418/2023,2023-09-25,China,Heilongjiang,HK.3,VOI GRA (EG.5+EG.5.*) first detected in Indonesia/France,23H,XBB.1.9.2.5.1.1.3.7,23H (HK.3),HK
EPI_ISL_18465118,hCoV-19/Heilongjiang/HLJCDC-2417/2023,2023-09-25,China,Heilongjiang,HK.3,VOI GRA (EG.5+EG.5.*) first detected in Indonesia/France,23H,XBB.1.9.2.5.1.1.3,23H (HK.3),HK
EPI_ISL_18465271,hCoV-19/Liaoning/LNCDC-389-2/2023,2023-09-26,China,Liaoning,HK.3,VOI GRA (EG.5+EG.5.*) first detected in Indonesia/France,23H,XBB.1.9.2.5.1.1.3,23H (HK.3),HK
EPI_ISL_18425034,hCoV-19/Fujian/FCDC-ND0726/2023,2023-09-26,China,Fujian,HK.3.2,VOI GRA (EG.5+EG.5.*) first detected in Indonesia/France,23H,XBB.1.9.2.5.1.1.3.2,23H (HK.3),HK
EPI_ISL_18465275,hCoV-19/Liaoning/LNCDC-386-4/2023,2023-09-26,China,Liaoning,HK.3,VOI GRA (EG.5+EG.5.*) first detected in Indonesia/France,23H,XBB.1.9.2.5.1.1.3,23H (HK.3),HK
EPI_ISL_18425037,hCoV-19/Fujian/FCDC-ND2030/2023,2023-09-26,China,Fujian,HK.3.3,VOI GRA (EG.5+EG.5.*) first detected in Indonesia/France,23H,XBB.1.9.2.5.1.1.3.3,23H (HK.3),HK
EPI_ISL_18376471,hCoV-19/Hubei/HCDC-JZ3117/2023,2023-09-26,China,Hubei,HK.3.1,VOI GRA (EG.5+EG.5.*) first detected in Indonesia/France,23H,XBB.1.9.2.5.1.1.3.1,23H (HK.3),HK
EPI_ISL_18465178,hCoV-19/Heilongjiang/HLJCDC-2402/2023,2023-09-26,China,Heilongjiang,HK.3,VOI GRA (EG.5+EG.5.*) first detected in Indonesia/France,23H,XBB.1.9.2.5.1.1.3,23H (HK.3),HK
EPI_ISL_18425061,hCoV-19/Fujian/FCDC-ZZ2082/2023,2023-09-27,China,Fujian,HK.3,VOI GRA (EG.5+EG.5.*) first detected in Indonesia/France,23H,XBB.1.9.2.5.1.1.3,23H (HK.3),HK
EPI_ISL_18495103,hCoV-19/Xinjiang/XJCDCAKS-217/2023,2023-09-27,China,Xinjiang,HK.3,VOI GRA (EG.5+EG.5.*) first detected in Indonesia/France,23H,XBB.1.9.2.5.1.1.3,23H (HK.3),HK
EPI_ISL_18447513,hCoV-19/Fujian/FCDC-ND0735/2023,2023-09-27,China,Fujian,HK.3.2,VOI GRA (EG.5+EG.5.*) first detected in Indonesia/France,23H,XBB.1.9.2.5.1.1.3.2,23H (HK.3),HK
EPI_ISL_18447510,hCoV-19/Fujian/FCDC-ND0734/2023,2023-09-27,China,Fujian,HK.3,VOI GRA (EG.5+EG.5.*) first detected in Indonesia/France,23H,XBB.1.9.2.5.1.1.3,23H (HK.3),HK
EPI_ISL_18488021,hCoV-19/Yunnan/YNCDC-3137/2023,2023-09-28,China,Yunnan,HK.3,VOI GRA (EG.5+EG.5.*) first detected in Indonesia/France,23H,XBB.1.9.2.5.1.1.3,23H (HK.3),HK
EPI_ISL_18495006,hCoV-19/Henan/XXCDC-100516/2023,2023-09-28,China,Henan,HK.3,VOI GRA (EG.5+EG.5.*) first detected in Indonesia/France,23H,XBB.1.9.2.5.1.1.3,23H (HK.3),HK
EPI_ISL_18495475,hCoV-19/Shanxi/TYCDC544/2023,2023-09-28,China,Shanxi,HK.3,VOI GRA (EG.5+EG.5.*) first detected in Indonesia/France,23H,XBB.1.9.2.5.1.1.3,23H (HK.3),HK
EPI_ISL_18425085,hCoV-19/Sichuan/DYCDC-0194/2023,2023-09-30,China,Sichuan,HK.3,VOI GRA (EG.5+EG.5.*) first detected in Indonesia/France,23H,XBB.1.9.2.5.1.1.3.6,23H (HK.3),HK
EPI_ISL_18465220,hCoV-19/Henan/SMXCDC101201/2023,2023-10-01,China,Henan,HK.3,VOI GRA (EG.5+EG.5.*) first detected in Indonesia/France,23H,XBB.1.9.2.5.1.1.3,23H (HK.3),HK
EPI_ISL_18438407,hCoV-19/Hubei/HCDC-SY3277/2023,2023-10-01,China,Hubei,HK.3,VOI GRA (EG.5+EG.5.*) first detected in Indonesia/France,23H,XBB.1.9.2.5.1.1.3.11,23H (HK.3),HK
EPI_ISL_18465041,hCoV-19/Heilongjiang/HLJCDC-2442/2023,2023-10-01,China,Heilongjiang,HK.3,VOI GRA (EG.5+EG.5.*) first detected in Indonesia/France,23H,XBB.1.9.2.5.1.1.3,23H (HK.3),HK
EPI_ISL_18465072,hCoV-19/Heilongjiang/HLJCDC-2435/2023,2023-10-02,China,Heilongjiang,HK.3,VOI GRA (EG.5+EG.5.*) first detected in Indonesia/France,23H,XBB.1.9.2.5.1.1.3,23H (HK.3),HK
EPI_ISL_18465096,hCoV-19/Heilongjiang/HLJCDC-2441/2023,2023-10-02,China,Heilongjiang,HK.3,VOI GRA (EG.5+EG.5.*) first detected in Indonesia/France,23H,XBB.1.9.2.5.1.1.3,23H (HK.3),HK
EPI_ISL_18465123,hCoV-19/Heilongjiang/HLJCDC-2448/2023,2023-10-02,China,Heilongjiang,HK.3,VOI GRA (EG.5+EG.5.*) first detected in Indonesia/France,23F,XBB.1.9.2.5.1.1.23.1,23F (EG.5.1),HK
EPI_ISL_18465010,hCoV-19/Heilongjiang/HLJCDC-2436/2023,2023-10-02,China,Heilongjiang,HK.3,VOI GRA (EG.5+EG.5.*) first detected in Indonesia/France,23H,XBB.1.9.2.5.1.1.3,23H (HK.3),HK
EPI_ISL_18409413,hCoV-19/Yunnan/YNCDC-3055/2023,2023-10-03,China,Yunnan,HK.3,VOI GRA (EG.5+EG.5.*) first detected in Indonesia/France,23H,XBB.1.9.2.5.1.1.3,23H (HK.3),HK
EPI_ISL_18495824,hCoV-19/Gansu/QYCDC-1047/2023,2023-10-03,China,Gansu,HK.3,VOI GRA (EG.5+EG.5.*) first detected in Indonesia/France,23H,XBB.1.9.2.5.1.1.3,23H (HK.3),HK
EPI_ISL_18465138,hCoV-19/Heilongjiang/HLJCDC-2450/2023,2023-10-03,China,Heilongjiang,HK.4,VOI GRA (EG.5+EG.5.*) first detected in Indonesia/France,23F,XBB.1.9.2.5.1.1.4,23F (EG.5.1),HK
EPI_ISL_18435241,hCoV-19/Sichuan/GACDC-18230390/2023,2023-10-04,China,Sichuan,HK.3,VOI GRA (EG.5+EG.5.*) first detected in Indonesia/France,23H,XBB.1.9.2.5.1.1.3.1,23H (HK.3),HK
EPI_ISL_18409301,hCoV-19/Sichuan/LZCDC-169/2023,2023-10-04,China,Sichuan,HK.3,VOI GRA (EG.5+EG.5.*) first detected in Indonesia/France,23H,XBB.1.9.2.5.1.1.3,23H (HK.3),HK
EPI_ISL_18438540,hCoV-19/Shanghai/SCDC-XG10-14364/2023,2023-10-05,China,Shanghai,HK.3,VOI GRA (EG.5+EG.5.*) first detected in Indonesia/France,23H,XBB.1.9.2.5.1.1.3,23H (HK.3),HK
EPI_ISL_18465084,hCoV-19/Heilongjiang/HLJCDC-2459/2023,2023-10-05,China,Heilongjiang,HK.3,VOI GRA (EG.5+EG.5.*) first detected in Indonesia/France,23H,XBB.1.9.2.5.1.1.3,23H (HK.3),HK
EPI_ISL_18438393,hCoV-19/Hubei/HCDC-SY3246/2023,2023-10-05,China,Hubei,HK.3.2,VOI GRA (EG.5+EG.5.*) first detected in Indonesia/France,23H,XBB.1.9.2.5.1.1.3.2,23H (HK.3),HK
EPI_ISL_18435239,hCoV-19/Sichuan/GACDC-18230391/2023,2023-10-05,China,Sichuan,HK.3,VOI GRA (EG.5+EG.5.*) first detected in Indonesia/France,23H,XBB.1.9.2.5.1.1.3,23H (HK.3),HK
EPI_ISL_18465093,hCoV-19/Heilongjiang/HLJCDC-2458/2023,2023-10-05,China,Heilongjiang,HK.3,VOI GRA (EG.5+EG.5.*) first detected in Indonesia/France,23H,XBB.1.9.2.5.1.1.3,23H (HK.3),HK
EPI_ISL_18465216,hCoV-19/Henan/SMXCDC101203/2023,2023-10-05,China,Henan,HK.3,VOI GRA (EG.5+EG.5.*) first detected in Indonesia/France,23H,XBB.1.9.2.5.1.1.3,23H (HK.3),HK
EPI_ISL_18454363,hCoV-19/Yunnan/YNCDC-3123/2023,2023-10-05,China,Yunnan,HK.3,VOI GRA (EG.5+EG.5.*) first detected in Indonesia/France,23H,XBB.1.9.2.5.1.1.3,23H (HK.3),HK
EPI_ISL_18508519,hCoV-19/Henan/LHCDC-0309/2023,2023-10-06,China,Henan,HK.3.2,VOI GRA (EG.5+EG.5.*) first detected in Indonesia/France,23H,XBB.1.9.2.5.1.1.3.2,23H (HK.3),HK
EPI_ISL_18454355,hCoV-19/Yunnan/YNCDC-3086/2023,2023-10-06,China,Yunnan,HK.3.1,VOI GRA (EG.5+EG.5.*) first detected in Indonesia/France,23H,XBB.1.9.2.5.1.1.3.1,23H (HK.3),HK
EPI_ISL_18464948,hCoV-19/Fujian/FCDC-ND2000/2023,2023-10-06,China,Fujian,HK.3,VOI GRA (EG.5+EG.5.*) first detected in Indonesia/France,23H,XBB.1.9.2.5.1.1.3,23H (HK.3),HK
EPI_ISL_18465219,hCoV-19/Henan/SMXCDC101204/2023,2023-10-06,China,Henan,HK.3,VOI GRA (EG.5+EG.5.*) first detected in Indonesia/France,23H,XBB.1.9.2.5.1.1.3,23H (HK.3),HK
EPI_ISL_18401909,hCoV-19/Shanxi/JCCDC-JCCX0510/2023,2023-10-06,China,Shanxi,HK.3,VOI GRA (EG.5+EG.5.*) first detected in Indonesia/France,23H,XBB.1.9.2.5.1.1.3,23H (HK.3),HK
EPI_ISL_18401741,hCoV-19/Gansu/TSCDC-101206/2023,2023-10-06,China,Gansu,HK.3,VOI GRA (EG.5+EG.5.*) first detected in Indonesia/France,23H,XBB.1.9.2.5.1.1.3,23H (HK.3),HK
EPI_ISL_18401743,hCoV-19/Gansu/TSCDC-101208/2023,2023-10-06,China,Gansu,HK.3,VOI GRA (EG.5+EG.5.*) first detected in Indonesia/France,23H,XBB.1.9.2.5.1.1.3.3,23H (HK.3),HK
EPI_ISL_18401806,hCoV-19/Shanxi/JCCDC-JCCX0520/2023,2023-10-06,China,Shanxi,HK.3,VOI GRA (EG.5+EG.5.*) first detected in Indonesia/France,23H,XBB.1.9.2.5.1.1.3.2,23H (HK.3),HK
EPI_ISL_18495105,hCoV-19/Xinjiang/XJCDCALT-158/2023,2023-10-07,China,Xinjiang,HK.3.3,VOI GRA (EG.5+EG.5.*) first detected in Indonesia/France,23H,XBB.1.9.2.5.1.1.3.3,23H (HK.3),HK
EPI_ISL_18409270,hCoV-19/Sichuan/CDCDC-19-CX3317/2023,2023-10-07,China,Sichuan,HK.2,VOI GRA (EG.5+EG.5.*) first detected in Indonesia/France,23F,XBB.1.9.2.5.1.1.27.1.1,23F (EG.5.1),HK
EPI_ISL_18464943,hCoV-19/Fujian/FCDC-ND2010/2023,2023-10-07,China,Fujian,HK.3,VOI GRA (EG.5+EG.5.*) first detected in Indonesia/France,23H,XBB.1.9.2.5.1.1.3,23H (HK.3),HK
EPI_ISL_18465270,hCoV-19/Liaoning/LNCDC-381-3/2023,2023-10-07,China,Liaoning,HK.3,VOI GRA (EG.5+EG.5.*) first detected in Indonesia/France,23H,XBB.1.9.2.5.1.1.3,23H (HK.3),HK
EPI_ISL_18454354,hCoV-19/Yunnan/YNCDC-3072/2023,2023-10-07,China,Yunnan,HK.3,VOI GRA (EG.5+EG.5.*) first detected in Indonesia/France,23H,XBB.1.9.2.5.1.1.3,23H (HK.3),HK
EPI_ISL_18475190,hCoV-19/Shanghai/SCDC-XH1020-32_S32/2023,2023-10-08,China,Shanghai,HK.3,VOI GRA (EG.5+EG.5.*) first detected in Indonesia/France,23H,XBB.1.9.2.5.1.1.3,23H (HK.3),HK
EPI_ISL_18495107,hCoV-19/Xinjiang/XJCDCALT-160/2023,2023-10-08,China,Xinjiang,HK.8,VOI GRA (EG.5+EG.5.*) first detected in Indonesia/France,23F,XBB.1.9.2.5.1.1.8,23F (EG.5.1),HK
EPI_ISL_18401910,hCoV-19/Shanxi/JCCDC-JCCX0527/2023,2023-10-08,China,Shanxi,HK.3,VOI GRA (EG.5+EG.5.*) first detected in Indonesia/France,23F,XBB.1.9.2.5.1.1.27.1,23F (EG.5.1),HK
EPI_ISL_18505856,hCoV-19/Xinjiang/XJCDCWLMQ-597/2023,2023-10-09,China,Xinjiang,HK.1,VOI GRA (EG.5+EG.5.*) first detected in Indonesia/France,23F,XBB.1.9.2.5.1.1.1.2,23F (EG.5.1),HK
EPI_ISL_18485263,hCoV-19/Hubei/HCDC-JM3389/2023,2023-10-09,China,Hubei,HK.8,VOI GRA (EG.5+EG.5.*) first detected in Indonesia/France,23F,XBB.1.9.2.5.1.1.8,23F (EG.5.1),HK
EPI_ISL_18465015,hCoV-19/Heilongjiang/HLJCDC-2480/2023,2023-10-09,China,Heilongjiang,HK.3,VOI GRA (EG.5+EG.5.*) first detected in Indonesia/France,23H,XBB.1.9.2.5.1.1.3,23H (HK.3),HK
EPI_ISL_18465176,hCoV-19/Heilongjiang/HLJCDC-2468/2023,2023-10-09,China,Heilongjiang,HK.3,VOI GRA (EG.5+EG.5.*) first detected in Indonesia/France,23H,XBB.1.9.2.5.1.1.3,23H (HK.3),HK
EPI_ISL_18388909,hCoV-19/Hubei/HCDC-TM3192/2023,2023-10-09,China,Hubei,HK.3,VOI GRA (EG.5+EG.5.*) first detected in Indonesia/France,23H,XBB.1.9.2.5.1.1.3.2,23H (HK.3),HK
EPI_ISL_18454340,hCoV-19/Yunnan/YNCDC-3067/2023,2023-10-09,China,Yunnan,HK.8,VOI GRA (EG.5+EG.5.*) first detected in Indonesia/France,23F,XBB.1.9.2.5.1.1.8.1,23F (EG.5.1),HK
EPI_ISL_18447503,hCoV-19/Fujian/FCDC-FZCX0381/2023,2023-10-09,China,Fujian,HK.3,VOI GRA (EG.5+EG.5.*) first detected in Indonesia/France,23H,XBB.1.9.2.5.1.1.3.6,23H (HK.3),HK
EPI_ISL_18438417,hCoV-19/Hubei/HCDC-TM3294/2023,2023-10-09,China,Hubei,HK.3.2,VOI GRA (EG.5+EG.5.*) first detected in Indonesia/France,23H,XBB.1.9.2.5.1.1.3.2,23H (HK.3),HK
EPI_ISL_18505804,hCoV-19/Xinjiang/XJCDCAKS-219/2023,2023-10-10,China,Xinjiang,HK.3,VOI GRA (EG.5+EG.5.*) first detected in Indonesia/France,23H,XBB.1.9.2.5.1.1.3,23H (HK.3),HK
EPI_ISL_18425063,hCoV-19/Gansu/PLCDC-0194/2023,2023-10-10,China,Gansu,HK.3.1,VOI GRA (EG.5+EG.5.*) first detected in Indonesia/France,23H,XBB.1.9.2.5.1.1.3.1,23H (HK.3),HK
EPI_ISL_18495019,hCoV-19/Henan/XXCDC-102007/2023,2023-10-10,China,Henan,HK.3,VOI GRA (EG.5+EG.5.*) first detected in Indonesia/France,23F,XBB.1.9.2.5.1.1,23F (EG.5.1),HK
EPI_ISL_18485370,hCoV-19/Hubei/HCDC-XN3464/2023,2023-10-11,China,Hubei,HK.3,VOI GRA (EG.5+EG.5.*) first detected in Indonesia/France,23H,XBB.1.9.2.5.1.1.3.4,23H (HK.3),HK
EPI_ISL_18465152,hCoV-19/Heilongjiang/HLJCDC-2482/2023,2023-10-11,China,Heilongjiang,HK.3.2,VOI GRA (EG.5+EG.5.*) first detected in Indonesia/France,23H,XBB.1.9.2.5.1.1.3.2,23H (HK.3),HK
EPI_ISL_18457516,hCoV-19/Sichuan/ZGCDC-zgxg477/2023,2023-10-11,China,Sichuan,HK.3,VOI GRA (EG.5+EG.5.*) first detected in Indonesia/France,23H,XBB.1.9.2.5.1.1.3,23H (HK.3),HK
EPI_ISL_18485369,hCoV-19/Hubei/HCDC-XN3463/2023,2023-10-11,China,Hubei,HK.4,VOI GRA (EG.5+EG.5.*) first detected in Indonesia/France,23F,XBB.1.9.2.5.1.1.4,23F (EG.5.1),HK
EPI_ISL_18485259,hCoV-19/Hubei/HCDC-JM3385/2023,2023-10-11,China,Hubei,HK.3,VOI GRA (EG.5+EG.5.*) first detected in Indonesia/France,23H,XBB.1.9.2.5.1.1.3,23H (HK.3),HK
EPI_ISL_18438419,hCoV-19/Hubei/HCDC-WH3339/2023,2023-10-11,China,Hubei,HK.3.2,VOI GRA (EG.5+EG.5.*) first detected in Indonesia/France,23H,XBB.1.9.2.5.1.1.3.2,23H (HK.3),HK
EPI_ISL_18409244,hCoV-19/Gansu/BYCDC207/2023,2023-10-11,China,Gansu,HK.3,VOI GRA (EG.5+EG.5.*) first detected in Indonesia/France,23H,XBB.1.9.2.5.1.1.3,23H (HK.3),HK
EPI_ISL_18425032,hCoV-19/Fujian/FCDC-LYCX170/2023,2023-10-12,China,Fujian,HK.3.1,VOI GRA (EG.5+EG.5.*) first detected in Indonesia/France,23H,XBB.1.9.2.5.1.1.3.1,23H (HK.3),HK
EPI_ISL_18475194,hCoV-19/Shanghai/SCDC-XH1020-36_S36/2023,2023-10-12,China,Shanghai,HK.3,VOI GRA (EG.5+EG.5.*) first detected in Indonesia/France,23H,XBB.1.9.2.5.1.1.3,23H (HK.3),HK
EPI_ISL_18475127,hCoV-19/Shanghai/SCDC-JAXGHDYY-101301/2023,2023-10-13,China,Shanghai,HK.3.1,VOI GRA (EG.5+EG.5.*) first detected in Indonesia/France,23H,XBB.1.9.2.5.1.1.3.1,23H (HK.3),HK
EPI_ISL_18495488,hCoV-19/Shanxi/TYCDC557/2023,2023-10-13,China,Shanxi,HK.3,VOI GRA (EG.5+EG.5.*) first detected in Indonesia/France,23H,XBB.1.9.2.5.1.1.3,23H (HK.3),HK
EPI_ISL_18505843,hCoV-19/Xinjiang/XJCDCKS-247/2023,2023-10-13,China,Xinjiang,HK.3,VOI GRA (EG.5+EG.5.*) first detected in Indonesia/France,23H,XBB.1.9.2.5.1.1.3,23H (HK.3),HK
EPI_ISL_18488105,hCoV-19/Yunnan/YNCDC-3151/2023,2023-10-13,China,Yunnan,HK.3,VOI GRA (EG.5+EG.5.*) first detected in Indonesia/France,23H,XBB.1.9.2.5.1.1.3,23H (HK.3),HK
EPI_ISL_18487965,hCoV-19/Henan/PYCDC-XG194/2023,2023-10-14,China,Henan,HK.3,VOI GRA (EG.5+EG.5.*) first detected in Indonesia/France,23H,XBB.1.9.2.5.1.1.3,23H (HK.3),HK
EPI_ISL_18488102,hCoV-19/Yunnan/YNCDC-3146/2023,2023-10-14,China,Yunnan,HK.3,VOI GRA (EG.5+EG.5.*) first detected in Indonesia/France,23H,XBB.1.9.2.5.1.1.3.11,23H (HK.3),HK
EPI_ISL_18475332,hCoV-19/Sichuan/NCCDC-NC129/2023,2023-10-15,China,Sichuan,HK.2,VOI GRA (EG.5+EG.5.*) first detected in Indonesia/France,23F,XBB.1.9.2.5.1.1.2.1,23F (EG.5.1),HK
EPI_ISL_18438381,hCoV-19/Hubei/HCDC-JZ3333/2023,2023-10-16,China,Hubei,HK.3.2,VOI GRA (EG.5+EG.5.*) first detected in Indonesia/France,23H,XBB.1.9.2.5.1.1.3.2,23H (HK.3),HK
EPI_ISL_18438422,hCoV-19/Hubei/HCDC-WH3341/2023,2023-10-16,China,Hubei,HK.3.2,VOI GRA (EG.5+EG.5.*) first detected in Indonesia/France,23H,XBB.1.9.2.5.1.1.3.2,23H (HK.3),HK
EPI_ISL_18438339,hCoV-19/Gansu/BYCDC221/2023,2023-10-16,China,Gansu,HK.3.1,VOI GRA (EG.5+EG.5.*) first detected in Indonesia/France,23H,XBB.1.9.2.5.1.1.3.1,23H (HK.3),HK
EPI_ISL_18465000,hCoV-19/Heilongjiang/HLJCDC-2497/2023,2023-10-16,China,Heilongjiang,HK.3.2,VOI GRA (EG.5+EG.5.*) first detected in Indonesia/France,23H,XBB.1.9.2.5.1.1.3.2,23H (HK.3),HK
EPI_ISL_18465008,hCoV-19/Heilongjiang/HLJCDC-2495/2023,2023-10-16,China,Heilongjiang,HK.3.2,VOI GRA (EG.5+EG.5.*) first detected in Indonesia/France,23H,XBB.1.9.2.5.1.1.3.2,23H (HK.3),HK
EPI_ISL_18465038,hCoV-19/Heilongjiang/HLJCDC-2491/2023,2023-10-16,China,Heilongjiang,HK.3,VOI GRA (EG.5+EG.5.*) first detected in Indonesia/France,23H,XBB.1.9.2.5.1.1.3,23H (HK.3),HK
EPI_ISL_18465078,hCoV-19/Heilongjiang/HLJCDC-2510/2023,2023-10-16,China,Heilongjiang,HK.3,VOI GRA (EG.5+EG.5.*) first detected in Indonesia/France,23H,XBB.1.9.2.5.1.1.3,23H (HK.3),HK
EPI_ISL_18464932,hCoV-19/Fujian/FCDC-FZCX0388/2023,2023-10-17,China,Fujian,HK.2,VOI GRA (EG.5+EG.5.*) first detected in Indonesia/France,23F,XBB.1.9.2.5.1.1.12,23F (EG.5.1),HK
EPI_ISL_18475319,hCoV-19/Sichuan/MYCDC-XGCX423/2023,2023-10-17,China,Sichuan,HK.3,VOI GRA (EG.5+EG.5.*) first detected in Indonesia/France,23F,XBB.1.9.2.5.1.1.27.1,23F (EG.5.1),HK
EPI_ISL_18457474,hCoV-19/Sichuan/GACDC-11232018/2023,2023-10-17,China,Sichuan,HK.3.1,VOI GRA (EG.5+EG.5.*) first detected in Indonesia/France,23H,XBB.1.9.2.5.1.1.3.1,23H (HK.3),HK
EPI_ISL_18495854,hCoV-19/Gansu/QYCDC-1087/2023,2023-10-17,China,Gansu,HK.3,VOI GRA (EG.5+EG.5.*) first detected in Indonesia/France,23H,XBB.1.9.2.5.1.1.3,23H (HK.3),HK
EPI_ISL_18488090,hCoV-19/Yunnan/YNCDC-3170/2023,2023-10-17,China,Yunnan,HK.8,VOI GRA (EG.5+EG.5.*) first detected in Indonesia/France,23F,XBB.1.9.2.5.1.1.8.1,23F (EG.5.1),HK
EPI_ISL_18487977,hCoV-19/Henan/SMXCDC102509/2023,2023-10-17,China,Henan,HK.3.1,VOI GRA (EG.5+EG.5.*) first detected in Indonesia/France,23H,XBB.1.9.2.5.1.1.3.1,23H (HK.3),HK
EPI_ISL_18438350,hCoV-19/Gansu/BYCDC232/2023,2023-10-17,China,Gansu,HK.3,VOI GRA (EG.5+EG.5.*) first detected in Indonesia/France,23H,XBB.1.9.2.5.1.1.3,23H (HK.3),HK
EPI_ISL_18438349,hCoV-19/Gansu/BYCDC231/2023,2023-10-17,China,Gansu,HK.3,VOI GRA (EG.5+EG.5.*) first detected in Indonesia/France,23H,XBB.1.9.2.5.1.1.3,23H (HK.3),HK
EPI_ISL_18465018,hCoV-19/Heilongjiang/HLJCDC-2511/2023,2023-10-17,China,Heilongjiang,HK.3,VOI GRA (EG.5+EG.5.*) first detected in Indonesia/France,23H,XBB.1.9.2.5.1.1.3,23H (HK.3),HK
EPI_ISL_18447538,hCoV-19/Gansu/PLCDC-0204/2023,2023-10-18,China,Gansu,HK.3.2,VOI GRA (EG.5+EG.5.*) first detected in Indonesia/France,23H,XBB.1.9.2.5.1.1.3.2,23H (HK.3),HK
EPI_ISL_18464965,hCoV-19/Gansu/GSCDC-0485/2023,2023-10-18,China,Gansu,HK.3,VOI GRA (EG.5+EG.5.*) first detected in Indonesia/France,23H,XBB.1.9.2.5.1.1.3,23H (HK.3),HK
EPI_ISL_18508508,hCoV-19/Henan/LHCDC-0321/2023,2023-10-18,China,Henan,HK.3,VOI GRA (EG.5+EG.5.*) first detected in Indonesia/France,23F,XBB.1.9.2.5.1.1.23.1,23F (EG.5.1),HK
EPI_ISL_18438343,hCoV-19/Gansu/BYCDC225/2023,2023-10-18,China,Gansu,HK.1,VOI GRA (EG.5+EG.5.*) first detected in Indonesia/France,23F,XBB.1.9.2.5.1.1.1,23F (EG.5.1),HK
EPI_ISL_18438348,hCoV-19/Gansu/BYCDC230/2023,2023-10-18,China,Gansu,HK.3.1,VOI GRA (EG.5+EG.5.*) first detected in Indonesia/France,23H,XBB.1.9.2.5.1.1.3.1,23H (HK.3),HK
EPI_ISL_18475324,hCoV-19/Sichuan/MYCDC-XGCX426/2023,2023-10-19,China,Sichuan,HK.3,VOI GRA (EG.5+EG.5.*) first detected in Indonesia/France,23F,XBB.1.9.2.5.1.1.23.1,23F (EG.5.1),HK
EPI_ISL_18465179,hCoV-19/Heilongjiang/HLJCDC-2513/2023,2023-10-19,China,Heilongjiang,HK.3.2,VOI GRA (EG.5+EG.5.*) first detected in Indonesia/France,23H,XBB.1.9.2.5.1.1.3.2,23H (HK.3),HK
EPI_ISL_18447522,hCoV-19/Fujian/FCDC-QZ10S022/2023,2023-10-19,China,Fujian,HK.3,VOI GRA (EG.5+EG.5.*) first detected in Indonesia/France,23H,XBB.1.9.2.5.1.1.3,23H (HK.3),HK
EPI_ISL_18495497,hCoV-19/Shanxi/TYCDC566/2023,2023-10-20,China,Shanxi,HK.3,VOI GRA (EG.5+EG.5.*) first detected in Indonesia/France,23H,XBB.1.9.2.5.1.1.3,23H (HK.3),HK
EPI_ISL_18495492,hCoV-19/Shanxi/TYCDC561/2023,2023-10-20,China,Shanxi,HK.3.2,VOI GRA (EG.5+EG.5.*) first detected in Indonesia/France,23H,XBB.1.9.2.5.1.1.3.2,23H (HK.3),HK
EPI_ISL_18488060,hCoV-19/Yunnan/YNCDC-3213/2023,2023-10-21,China,Yunnan,HK.3,VOI GRA (EG.5+EG.5.*) first detected in Indonesia/France,23H,XBB.1.9.2.5.1.1.3,23H (HK.3),HK
EPI_ISL_18488095,hCoV-19/Yunnan/YNCDC-3221/2023,2023-10-21,China,Yunnan,HK.3.2,VOI GRA (EG.5+EG.5.*) first detected in Indonesia/France,23H,XBB.1.9.2.5.1.1.3.2,23H (HK.3),HK
EPI_ISL_18488046,hCoV-19/Yunnan/YNCDC-3175/2023,2023-10-21,China,Yunnan,HK.3,VOI GRA (EG.5+EG.5.*) first detected in Indonesia/France,23H,XBB.1.9.2.5.1.1.3,23H (HK.3),HK
EPI_ISL_18475303,hCoV-19/Sichuan/MSCDC-12-5/2023,2023-10-21,China,Sichuan,HK.8,VOI GRA (EG.5+EG.5.*) first detected in Indonesia/France,23F,XBB.1.9.2.5.1.1.8.1,23F (EG.5.1),HK
EPI_ISL_18485267,hCoV-19/Hubei/HCDC-JM3485/2023,2023-10-22,China,Hubei,HK.3,VOI GRA (EG.5+EG.5.*) first detected in Indonesia/France,23H,XBB.1.9.2.5.1.1.3.9,23H (HK.3),HK
EPI_ISL_18464970,hCoV-19/Gansu/GSCDC-0490/2023,2023-10-23,China,Gansu,HK.3,VOI GRA (EG.5+EG.5.*) first detected in Indonesia/France,23H,XBB.1.9.2.5.1.1.3,23H (HK.3),HK
EPI_ISL_18495784,hCoV-19/Gansu/QYCDC-1098/2023,2023-10-23,China,Gansu,HK.3,VOI GRA (EG.5+EG.5.*) first detected in Indonesia/France,23H,XBB.1.9.2.5.1.1.3,23H (HK.3),HK
EPI_ISL_18495785,hCoV-19/Gansu/QYCDC-1099/2023,2023-10-23,China,Gansu,HK.3,VOI GRA (EG.5+EG.5.*) first detected in Indonesia/France,23H,XBB.1.9.2.5.1.1.3,23H (HK.3),HK
EPI_ISL_18447506,hCoV-19/Fujian/FCDC-LY2147/2023,2023-10-23,China,Fujian,HK.2,VOI GRA (EG.5+EG.5.*) first detected in Indonesia/France,23F,XBB.1.9.2.5.1.1.2.1,23F (EG.5.1),HK
EPI_ISL_18457482,hCoV-19/Sichuan/LSCDC-ls1025-4/2023,2023-10-23,China,Sichuan,HK.3,VOI GRA (EG.5+EG.5.*) first detected in Indonesia/France,23H,XBB.1.9.2.5.1.1.3,23H (HK.3),HK
EPI_ISL_18488091,hCoV-19/Yunnan/YNCDC-3190/2023,2023-10-24,China,Yunnan,HK.3.2,VOI GRA (EG.5+EG.5.*) first detected in Indonesia/France,23H,XBB.1.9.2.5.1.1.3.2,23H (HK.3),HK
EPI_ISL_18464983,hCoV-19/Gansu/GSCDC-0504/2023,2023-10-24,China,Gansu,HK.3,VOI GRA (EG.5+EG.5.*) first detected in Indonesia/France,23H,XBB.1.9.2.5.1.1.3.11,23H (HK.3),HK
EPI_ISL_18464968,hCoV-19/Gansu/GSCDC-0488/2023,2023-10-24,China,Gansu,HK.3,VOI GRA (EG.5+EG.5.*) first detected in Indonesia/France,23H,XBB.1.9.2.5.1.1.3,23H (HK.3),HK
EPI_ISL_18494992,hCoV-19/Sichuan/DYCDC-0206/2023,2023-10-24,China,Sichuan,HK.3,VOI GRA (EG.5+EG.5.*) first detected in Indonesia/France,23H,XBB.1.9.2.5.1.1.3,23H (HK.3),HK
EPI_ISL_18488009,hCoV-19/Sichuan/GACDC-18230407/2023,2023-10-25,China,Sichuan,HK.3.2,VOI GRA (EG.5+EG.5.*) first detected in Indonesia/France,23H,XBB.1.9.2.5.1.1.3.2,23H (HK.3),HK
EPI_ISL_18464956,hCoV-19/Fujian/FCDC-SM2191/2023,2023-10-25,China,Fujian,HK.3,VOI GRA (EG.5+EG.5.*) first detected in Indonesia/France,23H,XBB.1.9.2.5.1.1.3,23H (HK.3),HK
EPI_ISL_18494995,hCoV-19/Sichuan/DYCDC-0209/2023,2023-10-25,China,Sichuan,HK.3,VOI GRA (EG.5+EG.5.*) first detected in Indonesia/France,23H,XBB.1.9.2.5.1.1.3,23H (HK.3),HK
EPI_ISL_18488033,hCoV-19/Yunnan/YNCDC-3224/2023,2023-10-26,China,Yunnan,HK.3.2,VOI GRA (EG.5+EG.5.*) first detected in Indonesia/France,23H,XBB.1.9.2.5.1.1.3.2,23H (HK.3),HK
EPI_ISL_18494984,hCoV-19/Sichuan/YBCDC-XGCX458/2023,2023-10-26,China,Sichuan,HK.3,VOI GRA (EG.5+EG.5.*) first detected in Indonesia/France,23H,XBB.1.9.2.5.1.1.3,23H (HK.3),HK
EPI_ISL_18505561,hCoV-19/Sichuan/LSCDC-ls1108-10/2023,2023-10-26,China,Sichuan,HK.3,VOI GRA (EG.5+EG.5.*) first detected in Indonesia/France,23H,XBB.1.9.2.5.1.1.3,23H (HK.3),HK
EPI_ISL_18488031,hCoV-19/Yunnan/YNCDC-3219/2023,2023-10-26,China,Yunnan,HK.3,VOI GRA (EG.5+EG.5.*) first detected in Indonesia/France,23H,XBB.1.9.2.5.1.1.3,23H (HK.3),HK
EPI_ISL_18488094,hCoV-19/Yunnan/YNCDC-3220/2023,2023-10-26,China,Yunnan,HK.3,VOI GRA (EG.5+EG.5.*) first detected in Indonesia/France,23H,XBB.1.9.2.5.1.1.3,23H (HK.3),HK
EPI_ISL_18495510,hCoV-19/Shanxi/TYCDC579/2023,2023-10-27,China,Shanxi,HK.3.2,VOI GRA (EG.5+EG.5.*) first detected in Indonesia/France,23H,XBB.1.9.2.5.1.1.3.2,23H (HK.3),HK
EPI_ISL_18495151,hCoV-19/Fujian/FCDC-ND2171/2023,2023-10-27,China,Fujian,HK.3.2,VOI GRA (EG.5+EG.5.*) first detected in Indonesia/France,23H,XBB.1.9.2.5.1.1.3.2,23H (HK.3),HK
EPI_ISL_18495520,hCoV-19/Shanxi/TYCDC589/2023,2023-10-27,China,Shanxi,HK.3,VOI GRA (EG.5+EG.5.*) first detected in Indonesia/France,23H,XBB.1.9.2.5.1.1.3,23H (HK.3),HK
EPI_ISL_18475353,hCoV-19/Sichuan/YACDC-XGCX179/2023,2023-10-27,China,Sichuan,HK.3,VOI GRA (EG.5+EG.5.*) first detected in Indonesia/France,23H,XBB.1.9.2.5.1.1.3,23H (HK.3),HK
EPI_ISL_18495519,hCoV-19/Shanxi/TYCDC588/2023,2023-10-27,China,Shanxi,HK.3.2,VOI GRA (EG.5+EG.5.*) first detected in Indonesia/France,23H,XBB.1.9.2.5.1.1.3.2,23H (HK.3),HK
EPI_ISL_18488034,hCoV-19/Yunnan/YNCDC-3225/2023,2023-10-27,China,Yunnan,HK.8,VOI GRA (EG.5+EG.5.*) first detected in Indonesia/France,23F,XBB.1.9.2.5.1.1.8.1,23F (EG.5.1),HK
EPI_ISL_18495509,hCoV-19/Shanxi/TYCDC578/2023,2023-10-27,China,Shanxi,HK.3.2,VOI GRA (EG.5+EG.5.*) first detected in Indonesia/France,23H,XBB.1.9.2.5.1.1.3.2,23H (HK.3),HK
EPI_ISL_18495512,hCoV-19/Shanxi/TYCDC581/2023,2023-10-27,China,Shanxi,HK.3.2,VOI GRA (EG.5+EG.5.*) first detected in Indonesia/France,23H,XBB.1.9.2.5.1.1.3.2,23H (HK.3),HK
EPI_ISL_18495788,hCoV-19/Gansu/QYCDC-1103/2023,2023-10-27,China,Gansu,HK.3,VOI GRA (EG.5+EG.5.*) first detected in Indonesia/France,23F,XBB.1.9.2.5.1.1.23.1,23F (EG.5.1),HK
EPI_ISL_18488006,hCoV-19/Sichuan/CDCDC-19-CX3493/2023,2023-10-28,China,Sichuan,HK.3.2,VOI GRA (EG.5+EG.5.*) first detected in Indonesia/France,23H,XBB.1.9.2.5.1.1.3.2,23H (HK.3),HK
EPI_ISL_18464940,hCoV-19/Fujian/FCDC-LY2207/2023,2023-10-28,China,Fujian,HK.3,VOI GRA (EG.5+EG.5.*) first detected in Indonesia/France,23H,XBB.1.9.2.5.1.1.3.13,23H (HK.3),HK
EPI_ISL_18495792,hCoV-19/Gansu/QYCDC-1111/2023,2023-10-29,China,Gansu,HK.3,VOI GRA (EG.5+EG.5.*) first detected in Indonesia/France,23H,XBB.1.9.2.5.1.1.3,23H (HK.3),HK
EPI_ISL_18508545,hCoV-19/Hubei/HCDC-WH3530/2023,2023-10-30,China,Hubei,HK.3.2,VOI GRA (EG.5+EG.5.*) first detected in Indonesia/France,23H,XBB.1.9.2.5.1.1.3.2,23H (HK.3),HK
EPI_ISL_18495535,hCoV-19/Shanxi/TYCDC604/2023,2023-11-03,China,Shanxi,HK.3,VOI GRA (EG.5+EG.5.*) first detected in Indonesia/France,23H,XBB.1.9.2.5.1.1.3,23H (HK.3),HK
EPI_ISL_18505571,hCoV-19/Sichuan/ZGCDC-zgxg489/2023,2023-11-05,China,Sichuan,HK.3,VOI GRA (EG.5+EG.5.*) first detected in Indonesia/France,23H,XBB.1.9.2.5.1.1.3,23H (HK.3),HK
